session_id,log_path,line_number,timestamp,image_path,filename,frame_type,binning,exposure_seconds,gain,offset,target_name,telescope,camera_temperature_c,filter_name,sequence_number
2026-07-14_2026-07-15,data\sessions\2026\07\2026-07-14_2026-07-15\raw\nina\20260713-154938-3.2.0.9001.4940-202607.log,433,2026-07-13T23:22:01.1210,D:\Images NINA\Target\LIGHT_1x1_600.00s_910_99_LDN 1320_Skywatcher quattro 200p__-10.00C_LPRO_0072_2026-07-13_23-11-47_FWHM_7.31_Fok_114652.xisf,LIGHT_1x1_600.00s_910_99_LDN 1320_Skywatcher quattro 200p__-10.00C_LPRO_0072_2026-07-13_23-11-47_FWHM_7.31_Fok_114652.xisf,LIGHT,1x1,600.00,910,99,LDN 1320,Skywatcher quattro 200p,-10.00,LPRO,0072
2026-07-14_2026-07-15,data\sessions\2026\07\2026-07-14_2026-07-15\raw\nina\20260713-154938-3.2.0.9001.4940-202607.log,454,2026-07-13T23:32:35.7954,D:\Images NINA\Target\LIGHT_1x1_600.00s_910_99_LDN 1320_Skywatcher quattro 200p__-10.00C_LPRO_0073_2026-07-13_23-22-22_FWHM_7.19_Fok_114652.xisf,LIGHT_1x1_600.00s_910_99_LDN 1320_Skywatcher quattro 200p__-10.00C_LPRO_0073_2026-07-13_23-22-22_FWHM_7.19_Fok_114652.xisf,LIGHT,1x1,600.00,910,99,LDN 1320,Skywatcher quattro 200p,-10.00,LPRO,0073
2026-07-14_2026-07-15,data\sessions\2026\07\2026-07-14_2026-07-15\raw\nina\20260713-154938-3.2.0.9001.4940-202607.log,490,2026-07-13T23:43:03.4316,D:\Images NINA\Target\LIGHT_1x1_600.00s_910_99_LDN 1320_Skywatcher quattro 200p__-9.90C_LPRO_0074_2026-07-13_23-32-48_FWHM_7.26_Fok_114652.xisf,LIGHT_1x1_600.00s_910_99_LDN 1320_Skywatcher quattro 200p__-9.90C_LPRO_0074_2026-07-13_23-32-48_FWHM_7.26_Fok_114652.xisf,LIGHT,1x1,600.00,910,99,LDN 1320,Skywatcher quattro 200p,-9.90,LPRO,0074
2026-07-14_2026-07-15,data\sessions\2026\07\2026-07-14_2026-07-15\raw\nina\20260713-154938-3.2.0.9001.4940-202607.log,500,2026-07-13T23:53:14.2424,D:\Images NINA\Target\LIGHT_1x1_600.00s_910_99_LDN 1320_Skywatcher quattro 200p__-9.90C_LPRO_0075_2026-07-13_23-43-00_FWHM_7.39_Fok_114652.xisf,LIGHT_1x1_600.00s_910_99_LDN 1320_Skywatcher quattro 200p__-9.90C_LPRO_0075_2026-07-13_23-43-00_FWHM_7.39_Fok_114652.xisf,LIGHT,1x1,600.00,910,99,LDN 1320,Skywatcher quattro 200p,-9.90,LPRO,0075
2026-07-14_2026-07-15,data\sessions\2026\07\2026-07-14_2026-07-15\raw\nina\20260713-154938-3.2.0.9001.4940-202607.log,521,2026-07-14T00:03:35.7357,D:\Images NINA\Target\LIGHT_1x1_600.00s_910_99_LDN 1320_Skywatcher quattro 200p__-9.90C_LPRO_0076_2026-07-13_23-53-22_FWHM_7.24_Fok_114652.xisf,LIGHT_1x1_600.00s_910_99_LDN 1320_Skywatcher quattro 200p__-9.90C_LPRO_0076_2026-07-13_23-53-22_FWHM_7.24_Fok_114652.xisf,LIGHT,1x1,600.00,910,99,LDN 1320,Skywatcher quattro 200p,-9.90,LPRO,0076
2026-07-14_2026-07-15,data\sessions\2026\07\2026-07-14_2026-07-15\raw\nina\20260713-154938-3.2.0.9001.4940-202607.log,546,2026-07-14T00:14:11.9589,D:\Images NINA\Target\LIGHT_1x1_600.00s_910_99_LDN 1320_Skywatcher quattro 200p__-9.90C_LPRO_0077_2026-07-14_00-03-57_FWHM_7.34_Fok_114652.xisf,LIGHT_1x1_600.00s_910_99_LDN 1320_Skywatcher quattro 200p__-9.90C_LPRO_0077_2026-07-14_00-03-57_FWHM_7.34_Fok_114652.xisf,LIGHT,1x1,600.00,910,99,LDN 1320,Skywatcher quattro 200p,-9.90,LPRO,0077
2026-07-14_2026-07-15,data\sessions\2026\07\2026-07-14_2026-07-15\raw\nina\20260713-154938-3.2.0.9001.4940-202607.log,611,2026-07-14T00:27:26.4878,D:\Images NINA\Target\LIGHT_1x1_600.00s_910_99_LDN 1320_Skywatcher quattro 200p__-10.00C_LPRO_0078_2026-07-14_00-17-13_FWHM_7.38_Fok_116134.xisf,LIGHT_1x1_600.00s_910_99_LDN 1320_Skywatcher quattro 200p__-10.00C_LPRO_0078_2026-07-14_00-17-13_FWHM_7.38_Fok_116134.xisf,LIGHT,1x1,600.00,910,99,LDN 1320,Skywatcher quattro 200p,-10.00,LPRO,0078
2026-07-14_2026-07-15,data\sessions\2026\07\2026-07-14_2026-07-15\raw\nina\20260713-154938-3.2.0.9001.4940-202607.log,632,2026-07-14T00:37:48.1195,D:\Images NINA\Target\LIGHT_1x1_600.00s_910_99_LDN 1320_Skywatcher quattro 200p__-9.90C_LPRO_0079_2026-07-14_00-27-34_FWHM_8.00_Fok_116134.xisf,LIGHT_1x1_600.00s_910_99_LDN 1320_Skywatcher quattro 200p__-9.90C_LPRO_0079_2026-07-14_00-27-34_FWHM_8.00_Fok_116134.xisf,LIGHT,1x1,600.00,910,99,LDN 1320,Skywatcher quattro 200p,-9.90,LPRO,0079
2026-07-14_2026-07-15,data\sessions\2026\07\2026-07-14_2026-07-15\raw\nina\20260713-154938-3.2.0.9001.4940-202607.log,657,2026-07-14T00:48:11.4053,D:\Images NINA\Target\LIGHT_1x1_600.00s_910_99_LDN 1320_Skywatcher quattro 200p__-9.90C_LPRO_0080_2026-07-14_00-37-57_FWHM_7.59_Fok_116134.xisf,LIGHT_1x1_600.00s_910_99_LDN 1320_Skywatcher quattro 200p__-9.90C_LPRO_0080_2026-07-14_00-37-57_FWHM_7.59_Fok_116134.xisf,LIGHT,1x1,600.00,910,99,LDN 1320,Skywatcher quattro 200p,-9.90,LPRO,0080
2026-07-14_2026-07-15,data\sessions\2026\07\2026-07-14_2026-07-15\raw\nina\20260713-154938-3.2.0.9001.4940-202607.log,678,2026-07-14T00:58:43.9946,D:\Images NINA\Target\LIGHT_1x1_600.00s_910_99_LDN 1320_Skywatcher quattro 200p__-10.00C_LPRO_0081_2026-07-14_00-48-31_FWHM_7.29_Fok_116134.xisf,LIGHT_1x1_600.00s_910_99_LDN 1320_Skywatcher quattro 200p__-10.00C_LPRO_0081_2026-07-14_00-48-31_FWHM_7.29_Fok_116134.xisf,LIGHT,1x1,600.00,910,99,LDN 1320,Skywatcher quattro 200p,-10.00,LPRO,0081
2026-07-14_2026-07-15,data\sessions\2026\07\2026-07-14_2026-07-15\raw\nina\20260713-154938-3.2.0.9001.4940-202607.log,699,2026-07-14T01:09:20.2413,D:\Images NINA\Target\LIGHT_1x1_600.00s_910_99_LDN 1320_Skywatcher quattro 200p__-9.90C_LPRO_0082_2026-07-14_00-59-07_FWHM_7.47_Fok_116134.xisf,LIGHT_1x1_600.00s_910_99_LDN 1320_Skywatcher quattro 200p__-9.90C_LPRO_0082_2026-07-14_00-59-07_FWHM_7.47_Fok_116134.xisf,LIGHT,1x1,600.00,910,99,LDN 1320,Skywatcher quattro 200p,-9.90,LPRO,0082
2026-07-14_2026-07-15,data\sessions\2026\07\2026-07-14_2026-07-15\raw\nina\20260713-154938-3.2.0.9001.4940-202607.log,769,2026-07-14T01:22:57.1816,D:\Images NINA\Target\LIGHT_1x1_600.00s_910_99_LDN 1320_Skywatcher quattro 200p__-10.00C_LPRO_0083_2026-07-14_01-12-44_FWHM_7.67_Fok_115594.xisf,LIGHT_1x1_600.00s_910_99_LDN 1320_Skywatcher quattro 200p__-10.00C_LPRO_0083_2026-07-14_01-12-44_FWHM_7.67_Fok_115594.xisf,LIGHT,1x1,600.00,910,99,LDN 1320,Skywatcher quattro 200p,-10.00,LPRO,0083
2026-07-14_2026-07-15,data\sessions\2026\07\2026-07-14_2026-07-15\raw\nina\20260713-154938-3.2.0.9001.4940-202607.log,790,2026-07-14T01:33:24.6037,D:\Images NINA\Target\LIGHT_1x1_600.00s_910_99_LDN 1320_Skywatcher quattro 200p__-10.00C_LPRO_0084_2026-07-14_01-23-11_FWHM_7.06_Fok_115594.xisf,LIGHT_1x1_600.00s_910_99_LDN 1320_Skywatcher quattro 200p__-10.00C_LPRO_0084_2026-07-14_01-23-11_FWHM_7.06_Fok_115594.xisf,LIGHT,1x1,600.00,910,99,LDN 1320,Skywatcher quattro 200p,-10.00,LPRO,0084
2026-07-14_2026-07-15,data\sessions\2026\07\2026-07-14_2026-07-15\raw\nina\20260713-154938-3.2.0.9001.4940-202607.log,822,2026-07-14T01:44:01.3709,D:\Images NINA\Target\LIGHT_1x1_600.00s_910_99_LDN 1320_Skywatcher quattro 200p__-9.90C_LPRO_0085_2026-07-14_01-33-48_FWHM_6.99_Fok_115594.xisf,LIGHT_1x1_600.00s_910_99_LDN 1320_Skywatcher quattro 200p__-9.90C_LPRO_0085_2026-07-14_01-33-48_FWHM_6.99_Fok_115594.xisf,LIGHT,1x1,600.00,910,99,LDN 1320,Skywatcher quattro 200p,-9.90,LPRO,0085
2026-07-14_2026-07-15,data\sessions\2026\07\2026-07-14_2026-07-15\raw\nina\20260713-154938-3.2.0.9001.4940-202607.log,836,2026-07-14T01:54:14.2103,D:\Images NINA\Target\LIGHT_1x1_600.00s_910_99_LDN 1320_Skywatcher quattro 200p__-9.90C_LPRO_0086_2026-07-14_01-44-00_FWHM_6.97_Fok_115594.xisf,LIGHT_1x1_600.00s_910_99_LDN 1320_Skywatcher quattro 200p__-9.90C_LPRO_0086_2026-07-14_01-44-00_FWHM_6.97_Fok_115594.xisf,LIGHT,1x1,600.00,910,99,LDN 1320,Skywatcher quattro 200p,-9.90,LPRO,0086
2026-07-14_2026-07-15,data\sessions\2026\07\2026-07-14_2026-07-15\raw\nina\20260713-154938-3.2.0.9001.4940-202607.log,857,2026-07-14T02:04:27.1767,D:\Images NINA\Target\LIGHT_1x1_600.00s_910_99_LDN 1320_Skywatcher quattro 200p__-10.00C_LPRO_0087_2026-07-14_01-54-14_FWHM_6.99_Fok_115594.xisf,LIGHT_1x1_600.00s_910_99_LDN 1320_Skywatcher quattro 200p__-10.00C_LPRO_0087_2026-07-14_01-54-14_FWHM_6.99_Fok_115594.xisf,LIGHT,1x1,600.00,910,99,LDN 1320,Skywatcher quattro 200p,-10.00,LPRO,0087
2026-07-14_2026-07-15,data\sessions\2026\07\2026-07-14_2026-07-15\raw\nina\20260713-154938-3.2.0.9001.4940-202607.log,878,2026-07-14T02:14:56.0406,D:\Images NINA\Target\LIGHT_1x1_600.00s_910_99_LDN 1320_Skywatcher quattro 200p__-9.90C_LPRO_0088_2026-07-14_02-04-43_FWHM_7.19_Fok_115594.xisf,LIGHT_1x1_600.00s_910_99_LDN 1320_Skywatcher quattro 200p__-9.90C_LPRO_0088_2026-07-14_02-04-43_FWHM_7.19_Fok_115594.xisf,LIGHT,1x1,600.00,910,99,LDN 1320,Skywatcher quattro 200p,-9.90,LPRO,0088
2026-07-14_2026-07-15,data\sessions\2026\07\2026-07-14_2026-07-15\raw\nina\20260713-154938-3.2.0.9001.4940-202607.log,903,2026-07-14T02:25:12.7156,D:\Images NINA\Target\LIGHT_1x1_600.00s_910_99_LDN 1320_Skywatcher quattro 200p__-9.90C_LPRO_0089_2026-07-14_02-14-59_FWHM_7.38_Fok_115594.xisf,LIGHT_1x1_600.00s_910_99_LDN 1320_Skywatcher quattro 200p__-9.90C_LPRO_0089_2026-07-14_02-14-59_FWHM_7.38_Fok_115594.xisf,LIGHT,1x1,600.00,910,99,LDN 1320,Skywatcher quattro 200p,-9.90,LPRO,0089
2026-07-14_2026-07-15,data\sessions\2026\07\2026-07-14_2026-07-15\raw\nina\20260713-154938-3.2.0.9001.4940-202607.log,949,2026-07-14T02:37:13.7876,D:\Images NINA\Target\LIGHT_1x1_600.00s_910_99_LDN 1320_Skywatcher quattro 200p__-9.90C_LPRO_0090_2026-07-14_02-27-00_FWHM_6.11_Fok_115594.xisf,LIGHT_1x1_600.00s_910_99_LDN 1320_Skywatcher quattro 200p__-9.90C_LPRO_0090_2026-07-14_02-27-00_FWHM_6.11_Fok_115594.xisf,LIGHT,1x1,600.00,910,99,LDN 1320,Skywatcher quattro 200p,-9.90,LPRO,0090
2026-07-14_2026-07-15,data\sessions\2026\07\2026-07-14_2026-07-15\raw\nina\20260713-154938-3.2.0.9001.4940-202607.log,1007,2026-07-14T02:50:45.9332,D:\Images NINA\Target\LIGHT_1x1_600.00s_910_99_LDN 1320_Skywatcher quattro 200p__-10.00C_LPRO_0091_2026-07-14_02-40-33_FWHM_7.22_Fok_116140.xisf,LIGHT_1x1_600.00s_910_99_LDN 1320_Skywatcher quattro 200p__-10.00C_LPRO_0091_2026-07-14_02-40-33_FWHM_7.22_Fok_116140.xisf,LIGHT,1x1,600.00,910,99,LDN 1320,Skywatcher quattro 200p,-10.00,LPRO,0091
2026-07-14_2026-07-15,data\sessions\2026\07\2026-07-14_2026-07-15\raw\nina\20260713-154938-3.2.0.9001.4940-202607.log,1032,2026-07-14T03:01:15.0758,D:\Images NINA\Target\LIGHT_1x1_600.00s_910_99_LDN 1320_Skywatcher quattro 200p__-9.90C_LPRO_0092_2026-07-14_02-51-00_FWHM_6.83_Fok_116140.xisf,LIGHT_1x1_600.00s_910_99_LDN 1320_Skywatcher quattro 200p__-9.90C_LPRO_0092_2026-07-14_02-51-00_FWHM_6.83_Fok_116140.xisf,LIGHT,1x1,600.00,910,99,LDN 1320,Skywatcher quattro 200p,-9.90,LPRO,0092
2026-07-14_2026-07-15,data\sessions\2026\07\2026-07-14_2026-07-15\raw\nina\20260713-154938-3.2.0.9001.4940-202607.log,1070,2026-07-14T03:12:53.5918,D:\Images NINA\Target\LIGHT_1x1_600.00s_910_99_LDN 1320_Skywatcher quattro 200p__-9.90C_LPRO_0093_2026-07-14_03-02-40_FWHM_6.58_Fok_116140.xisf,LIGHT_1x1_600.00s_910_99_LDN 1320_Skywatcher quattro 200p__-9.90C_LPRO_0093_2026-07-14_03-02-40_FWHM_6.58_Fok_116140.xisf,LIGHT,1x1,600.00,910,99,LDN 1320,Skywatcher quattro 200p,-9.90,LPRO,0093
2026-07-14_2026-07-15,data\sessions\2026\07\2026-07-14_2026-07-15\raw\nina\20260713-154938-3.2.0.9001.4940-202607.log,1091,2026-07-14T03:23:27.6697,D:\Images NINA\Target\LIGHT_1x1_600.00s_910_99_LDN 1320_Skywatcher quattro 200p__-10.00C_LPRO_0094_2026-07-14_03-13-15_FWHM_6.57_Fok_116140.xisf,LIGHT_1x1_600.00s_910_99_LDN 1320_Skywatcher quattro 200p__-10.00C_LPRO_0094_2026-07-14_03-13-15_FWHM_6.57_Fok_116140.xisf,LIGHT,1x1,600.00,910,99,LDN 1320,Skywatcher quattro 200p,-10.00,LPRO,0094
2026-07-14_2026-07-15,data\sessions\2026\07\2026-07-14_2026-07-15\raw\nina\20260713-154938-3.2.0.9001.4940-202607.log,1116,2026-07-14T03:34:09.6974,D:\Images NINA\Target\LIGHT_1x1_600.00s_910_99_LDN 1320_Skywatcher quattro 200p__-9.90C_LPRO_0095_2026-07-14_03-23-55_FWHM_6.44_Fok_116140.xisf,LIGHT_1x1_600.00s_910_99_LDN 1320_Skywatcher quattro 200p__-9.90C_LPRO_0095_2026-07-14_03-23-55_FWHM_6.44_Fok_116140.xisf,LIGHT,1x1,600.00,910,99,LDN 1320,Skywatcher quattro 200p,-9.90,LPRO,0095
2026-07-14_2026-07-15,data\sessions\2026\07\2026-07-14_2026-07-15\raw\nina\20260713-154938-3.2.0.9001.4940-202607.log,1137,2026-07-14T03:44:26.1471,D:\Images NINA\Target\LIGHT_1x1_600.00s_910_99_LDN 1320_Skywatcher quattro 200p__-9.90C_LPRO_0096_2026-07-14_03-34-12_FWHM_6.69_Fok_116140.xisf,LIGHT_1x1_600.00s_910_99_LDN 1320_Skywatcher quattro 200p__-9.90C_LPRO_0096_2026-07-14_03-34-12_FWHM_6.69_Fok_116140.xisf,LIGHT,1x1,600.00,910,99,LDN 1320,Skywatcher quattro 200p,-9.90,LPRO,0096
2026-07-14_2026-07-15,data\sessions\2026\07\2026-07-14_2026-07-15\raw\nina\20260713-154938-3.2.0.9001.4940-202607.log,1158,2026-07-14T03:54:41.5425,D:\Images NINA\Target\LIGHT_1x1_600.00s_910_99_LDN 1320_Skywatcher quattro 200p__-9.90C_LPRO_0097_2026-07-14_03-44-28_FWHM_6.75_Fok_116140.xisf,LIGHT_1x1_600.00s_910_99_LDN 1320_Skywatcher quattro 200p__-9.90C_LPRO_0097_2026-07-14_03-44-28_FWHM_6.75_Fok_116140.xisf,LIGHT,1x1,600.00,910,99,LDN 1320,Skywatcher quattro 200p,-9.90,LPRO,0097
2026-07-14_2026-07-15,data\sessions\2026\07\2026-07-14_2026-07-15\raw\nina\20260713-154938-3.2.0.9001.4940-202607.log,1183,2026-07-14T04:05:08.0364,D:\Images NINA\Target\LIGHT_1x1_600.00s_910_99_LDN 1320_Skywatcher quattro 200p__-9.90C_LPRO_0098_2026-07-14_03-54-54_FWHM_6.62_Fok_116140.xisf,LIGHT_1x1_600.00s_910_99_LDN 1320_Skywatcher quattro 200p__-9.90C_LPRO_0098_2026-07-14_03-54-54_FWHM_6.62_Fok_116140.xisf,LIGHT,1x1,600.00,910,99,LDN 1320,Skywatcher quattro 200p,-9.90,LPRO,0098
2026-07-14_2026-07-15,data\sessions\2026\07\2026-07-14_2026-07-15\raw\nina\20260713-154938-3.2.0.9001.4940-202607.log,1204,2026-07-14T04:15:36.7526,D:\Images NINA\Target\LIGHT_1x1_600.00s_910_99_LDN 1320_Skywatcher quattro 200p__-9.90C_LPRO_0099_2026-07-14_04-05-23_FWHM_6.08_Fok_116140.xisf,LIGHT_1x1_600.00s_910_99_LDN 1320_Skywatcher quattro 200p__-9.90C_LPRO_0099_2026-07-14_04-05-23_FWHM_6.08_Fok_116140.xisf,LIGHT,1x1,600.00,910,99,LDN 1320,Skywatcher quattro 200p,-9.90,LPRO,0099
2026-07-14_2026-07-15,data\sessions\2026\07\2026-07-14_2026-07-15\raw\nina\20260713-154938-3.2.0.9001.4940-202607.log,1277,2026-07-14T04:26:16.1878,D:\Images NINA\Target\LIGHT_1x1_600.00s_910_99_LDN 1320_Skywatcher quattro 200p__-9.90C_LPRO_0100_2026-07-14_04-16-03_FWHM_6.75_Fok_116140.xisf,LIGHT_1x1_600.00s_910_99_LDN 1320_Skywatcher quattro 200p__-9.90C_LPRO_0100_2026-07-14_04-16-03_FWHM_6.75_Fok_116140.xisf,LIGHT,1x1,600.00,910,99,LDN 1320,Skywatcher quattro 200p,-9.90,LPRO,0100
2026-07-14_2026-07-15,data\sessions\2026\07\2026-07-14_2026-07-15\raw\nina\20260713-154938-3.2.0.9001.4940-202607.log,1762,2026-07-15T00:22:34.2449,D:\Images NINA\Target\LIGHT_1x1_600.00s_910_99_LDN 1320_Skywatcher quattro 200p__-9.90C__0000_2026-07-15_00-12-18_FWHM_8.45_Fok_113360.xisf,LIGHT_1x1_600.00s_910_99_LDN 1320_Skywatcher quattro 200p__-9.90C__0000_2026-07-15_00-12-18_FWHM_8.45_Fok_113360.xisf,LIGHT,1x1,600.00,910,99,LDN 1320,Skywatcher quattro 200p,-9.90,LPRO,0000
2026-07-14_2026-07-15,data\sessions\2026\07\2026-07-14_2026-07-15\raw\nina\20260713-154938-3.2.0.9001.4940-202607.log,1837,2026-07-15T00:35:16.2961,D:\Images NINA\Target\LIGHT_1x1_600.00s_910_99_LDN 1320_Skywatcher quattro 200p__-9.90C__0001_2026-07-15_00-25-01_FWHM_7.70_Fok_114623.xisf,LIGHT_1x1_600.00s_910_99_LDN 1320_Skywatcher quattro 200p__-9.90C__0001_2026-07-15_00-25-01_FWHM_7.70_Fok_114623.xisf,LIGHT,1x1,600.00,910,99,LDN 1320,Skywatcher quattro 200p,-9.90,LPRO,0001
2026-07-14_2026-07-15,data\sessions\2026\07\2026-07-14_2026-07-15\raw\nina\20260713-154938-3.2.0.9001.4940-202607.log,1862,2026-07-15T00:45:38.2749,D:\Images NINA\Target\LIGHT_1x1_600.00s_910_99_LDN 1320_Skywatcher quattro 200p__-10.00C__0002_2026-07-15_00-35-18_FWHM_7.77_Fok_114623.xisf,LIGHT_1x1_600.00s_910_99_LDN 1320_Skywatcher quattro 200p__-10.00C__0002_2026-07-15_00-35-18_FWHM_7.77_Fok_114623.xisf,LIGHT,1x1,600.00,910,99,LDN 1320,Skywatcher quattro 200p,-10.00,LPRO,0002
2026-07-14_2026-07-15,data\sessions\2026\07\2026-07-14_2026-07-15\raw\nina\20260713-154938-3.2.0.9001.4940-202607.log,1883,2026-07-15T00:55:54.0532,D:\Images NINA\Target\LIGHT_1x1_600.00s_910_99_LDN 1320_Skywatcher quattro 200p__-10.00C__0003_2026-07-15_00-45-39_FWHM_8.21_Fok_114623.xisf,LIGHT_1x1_600.00s_910_99_LDN 1320_Skywatcher quattro 200p__-10.00C__0003_2026-07-15_00-45-39_FWHM_8.21_Fok_114623.xisf,LIGHT,1x1,600.00,910,99,LDN 1320,Skywatcher quattro 200p,-10.00,LPRO,0003
2026-07-14_2026-07-15,data\sessions\2026\07\2026-07-14_2026-07-15\raw\nina\20260713-154938-3.2.0.9001.4940-202607.log,1992,2026-07-15T01:12:31.2211,D:\Images NINA\Target\LIGHT_1x1_600.00s_910_99_LDN 1320_Skywatcher quattro 200p__-10.00C__0004_2026-07-15_01-02-14_FWHM_7.29_Fok_115282.xisf,LIGHT_1x1_600.00s_910_99_LDN 1320_Skywatcher quattro 200p__-10.00C__0004_2026-07-15_01-02-14_FWHM_7.29_Fok_115282.xisf,LIGHT,1x1,600.00,910,99,LDN 1320,Skywatcher quattro 200p,-10.00,LPRO,0004
2026-07-14_2026-07-15,data\sessions\2026\07\2026-07-14_2026-07-15\raw\nina\20260713-154938-3.2.0.9001.4940-202607.log,2060,2026-07-15T01:25:50.6178,D:\Images NINA\Target\LIGHT_1x1_600.00s_910_99_LDN 1320_Skywatcher quattro 200p__-9.90C__0005_2026-07-15_01-15-34_FWHM_7.52_Fok_115565.xisf,LIGHT_1x1_600.00s_910_99_LDN 1320_Skywatcher quattro 200p__-9.90C__0005_2026-07-15_01-15-34_FWHM_7.52_Fok_115565.xisf,LIGHT,1x1,600.00,910,99,LDN 1320,Skywatcher quattro 200p,-9.90,LPRO,0005
2026-07-14_2026-07-15,data\sessions\2026\07\2026-07-14_2026-07-15\raw\nina\20260713-154938-3.2.0.9001.4940-202607.log,2124,2026-07-15T01:39:07.9291,D:\Images NINA\Target\LIGHT_1x1_600.00s_910_99_LDN 1320_Skywatcher quattro 200p__-10.00C__0006_2026-07-15_01-28-52_FWHM_7.79_Fok_115627.xisf,LIGHT_1x1_600.00s_910_99_LDN 1320_Skywatcher quattro 200p__-10.00C__0006_2026-07-15_01-28-52_FWHM_7.79_Fok_115627.xisf,LIGHT,1x1,600.00,910,99,LDN 1320,Skywatcher quattro 200p,-10.00,LPRO,0006
2026-07-14_2026-07-15,data\sessions\2026\07\2026-07-14_2026-07-15\raw\nina\20260713-154938-3.2.0.9001.4940-202607.log,2189,2026-07-15T01:52:35.8442,D:\Images NINA\Target\LIGHT_1x1_600.00s_910_99_LDN 1320_Skywatcher quattro 200p__-10.00C__0007_2026-07-15_01-42-20_FWHM_7.85_Fok_116748.xisf,LIGHT_1x1_600.00s_910_99_LDN 1320_Skywatcher quattro 200p__-10.00C__0007_2026-07-15_01-42-20_FWHM_7.85_Fok_116748.xisf,LIGHT,1x1,600.00,910,99,LDN 1320,Skywatcher quattro 200p,-10.00,LPRO,0007
2026-07-14_2026-07-15,data\sessions\2026\07\2026-07-14_2026-07-15\raw\nina\20260713-154938-3.2.0.9001.4940-202607.log,2259,2026-07-15T02:06:17.1216,D:\Images NINA\Target\LIGHT_1x1_600.00s_910_99_LDN 1320_Skywatcher quattro 200p__-9.90C__0008_2026-07-15_01-56-01_FWHM_9.05_Fok_115259.xisf,LIGHT_1x1_600.00s_910_99_LDN 1320_Skywatcher quattro 200p__-9.90C__0008_2026-07-15_01-56-01_FWHM_9.05_Fok_115259.xisf,LIGHT,1x1,600.00,910,99,LDN 1320,Skywatcher quattro 200p,-9.90,LPRO,0008
2026-07-14_2026-07-15,data\sessions\2026\07\2026-07-14_2026-07-15\raw\nina\20260713-154938-3.2.0.9001.4940-202607.log,2324,2026-07-15T02:20:05.0702,D:\Images NINA\Target\LIGHT_1x1_600.00s_910_99_LDN 1320_Skywatcher quattro 200p__-9.90C__0009_2026-07-15_02-09-50_FWHM_8.22_Fok_116426.xisf,LIGHT_1x1_600.00s_910_99_LDN 1320_Skywatcher quattro 200p__-9.90C__0009_2026-07-15_02-09-50_FWHM_8.22_Fok_116426.xisf,LIGHT,1x1,600.00,910,99,LDN 1320,Skywatcher quattro 200p,-9.90,LPRO,0009
2026-07-14_2026-07-15,data\sessions\2026\07\2026-07-14_2026-07-15\raw\nina\20260713-154938-3.2.0.9001.4940-202607.log,2389,2026-07-15T02:33:52.0101,D:\Images NINA\Target\LIGHT_1x1_600.00s_910_99_LDN 1320_Skywatcher quattro 200p__-9.90C__0010_2026-07-15_02-23-36_FWHM_7.24_Fok_115892.xisf,LIGHT_1x1_600.00s_910_99_LDN 1320_Skywatcher quattro 200p__-9.90C__0010_2026-07-15_02-23-36_FWHM_7.24_Fok_115892.xisf,LIGHT,1x1,600.00,910,99,LDN 1320,Skywatcher quattro 200p,-9.90,LPRO,0010
2026-07-14_2026-07-15,data\sessions\2026\07\2026-07-14_2026-07-15\raw\nina\20260713-154938-3.2.0.9001.4940-202607.log,2458,2026-07-15T02:47:26.7738,D:\Images NINA\Target\LIGHT_1x1_600.00s_910_99_LDN 1320_Skywatcher quattro 200p__-9.90C__0011_2026-07-15_02-37-10_FWHM_6.96_Fok_115713.xisf,LIGHT_1x1_600.00s_910_99_LDN 1320_Skywatcher quattro 200p__-9.90C__0011_2026-07-15_02-37-10_FWHM_6.96_Fok_115713.xisf,LIGHT,1x1,600.00,910,99,LDN 1320,Skywatcher quattro 200p,-9.90,LPRO,0011
2026-07-14_2026-07-15,data\sessions\2026\07\2026-07-14_2026-07-15\raw\nina\20260713-154938-3.2.0.9001.4940-202607.log,2534,2026-07-15T03:00:56.8105,D:\Images NINA\Target\LIGHT_1x1_600.00s_910_99_LDN 1320_Skywatcher quattro 200p__-9.90C__0012_2026-07-15_02-50-41_FWHM_7.45_Fok_115621.xisf,LIGHT_1x1_600.00s_910_99_LDN 1320_Skywatcher quattro 200p__-9.90C__0012_2026-07-15_02-50-41_FWHM_7.45_Fok_115621.xisf,LIGHT,1x1,600.00,910,99,LDN 1320,Skywatcher quattro 200p,-9.90,LPRO,0012
2026-07-14_2026-07-15,data\sessions\2026\07\2026-07-14_2026-07-15\raw\nina\20260713-154938-3.2.0.9001.4940-202607.log,2586,2026-07-15T03:14:08.8561,D:\Images NINA\Target\LIGHT_1x1_600.00s_910_99_LDN 1320_Skywatcher quattro 200p__-9.90C__0013_2026-07-15_03-03-53_FWHM_7.63_Fok_116364.xisf,LIGHT_1x1_600.00s_910_99_LDN 1320_Skywatcher quattro 200p__-9.90C__0013_2026-07-15_03-03-53_FWHM_7.63_Fok_116364.xisf,LIGHT,1x1,600.00,910,99,LDN 1320,Skywatcher quattro 200p,-9.90,LPRO,0013
2026-07-14_2026-07-15,data\sessions\2026\07\2026-07-14_2026-07-15\raw\nina\20260713-154938-3.2.0.9001.4940-202607.log,2656,2026-07-15T03:27:35.8695,D:\Images NINA\Target\LIGHT_1x1_600.00s_910_99_LDN 1320_Skywatcher quattro 200p__-9.90C__0014_2026-07-15_03-17-18_FWHM_7.21_Fok_115676.xisf,LIGHT_1x1_600.00s_910_99_LDN 1320_Skywatcher quattro 200p__-9.90C__0014_2026-07-15_03-17-18_FWHM_7.21_Fok_115676.xisf,LIGHT,1x1,600.00,910,99,LDN 1320,Skywatcher quattro 200p,-9.90,LPRO,0014
2026-07-14_2026-07-15,data\sessions\2026\07\2026-07-14_2026-07-15\raw\nina\20260713-154938-3.2.0.9001.4940-202607.log,2720,2026-07-15T03:40:57.3972,D:\Images NINA\Target\LIGHT_1x1_600.00s_910_99_LDN 1320_Skywatcher quattro 200p__-9.90C__0015_2026-07-15_03-30-42_FWHM_7.15_Fok_115278.xisf,LIGHT_1x1_600.00s_910_99_LDN 1320_Skywatcher quattro 200p__-9.90C__0015_2026-07-15_03-30-42_FWHM_7.15_Fok_115278.xisf,LIGHT,1x1,600.00,910,99,LDN 1320,Skywatcher quattro 200p,-9.90,LPRO,0015
2026-07-14_2026-07-15,data\sessions\2026\07\2026-07-14_2026-07-15\raw\nina\20260713-154938-3.2.0.9001.4940-202607.log,2784,2026-07-15T03:54:12.5788,D:\Images NINA\Target\LIGHT_1x1_600.00s_910_99_LDN 1320_Skywatcher quattro 200p__-10.00C__0016_2026-07-15_03-43-56_FWHM_7.04_Fok_116231.xisf,LIGHT_1x1_600.00s_910_99_LDN 1320_Skywatcher quattro 200p__-10.00C__0016_2026-07-15_03-43-56_FWHM_7.04_Fok_116231.xisf,LIGHT,1x1,600.00,910,99,LDN 1320,Skywatcher quattro 200p,-10.00,LPRO,0016
2026-07-14_2026-07-15,data\sessions\2026\07\2026-07-14_2026-07-15\raw\nina\20260713-154938-3.2.0.9001.4940-202607.log,2853,2026-07-15T04:07:44.8225,D:\Images NINA\Target\LIGHT_1x1_600.00s_910_99_LDN 1320_Skywatcher quattro 200p__-9.90C__0017_2026-07-15_03-57-28_FWHM_6.78_Fok_116840.xisf,LIGHT_1x1_600.00s_910_99_LDN 1320_Skywatcher quattro 200p__-9.90C__0017_2026-07-15_03-57-28_FWHM_6.78_Fok_116840.xisf,LIGHT,1x1,600.00,910,99,LDN 1320,Skywatcher quattro 200p,-9.90,LPRO,0017
2026-07-14_2026-07-15,data\sessions\2026\07\2026-07-14_2026-07-15\raw\nina\20260713-154938-3.2.0.9001.4940-202607.log,2935,2026-07-15T04:22:47.6334,D:\Images NINA\Target\LIGHT_1x1_600.00s_910_99_LDN 1320_Skywatcher quattro 200p__-9.90C__0018_2026-07-15_04-12-33_FWHM_7.08_Fok_116723.xisf,LIGHT_1x1_600.00s_910_99_LDN 1320_Skywatcher quattro 200p__-9.90C__0018_2026-07-15_04-12-33_FWHM_7.08_Fok_116723.xisf,LIGHT,1x1,600.00,910,99,LDN 1320,Skywatcher quattro 200p,-9.90,LPRO,0018
2026-07-15_2026-07-16,data\sessions\2026\07\2026-07-15_2026-07-16\raw\nina\20260713-154938-3.2.0.9001.4940-202607.log,433,2026-07-13T23:22:01.1210,D:\Images NINA\Target\LIGHT_1x1_600.00s_910_99_LDN 1320_Skywatcher quattro 200p__-10.00C_LPRO_0072_2026-07-13_23-11-47_FWHM_7.31_Fok_114652.xisf,LIGHT_1x1_600.00s_910_99_LDN 1320_Skywatcher quattro 200p__-10.00C_LPRO_0072_2026-07-13_23-11-47_FWHM_7.31_Fok_114652.xisf,LIGHT,1x1,600.00,910,99,LDN 1320,Skywatcher quattro 200p,-10.00,LPRO,0072
2026-07-15_2026-07-16,data\sessions\2026\07\2026-07-15_2026-07-16\raw\nina\20260713-154938-3.2.0.9001.4940-202607.log,454,2026-07-13T23:32:35.7954,D:\Images NINA\Target\LIGHT_1x1_600.00s_910_99_LDN 1320_Skywatcher quattro 200p__-10.00C_LPRO_0073_2026-07-13_23-22-22_FWHM_7.19_Fok_114652.xisf,LIGHT_1x1_600.00s_910_99_LDN 1320_Skywatcher quattro 200p__-10.00C_LPRO_0073_2026-07-13_23-22-22_FWHM_7.19_Fok_114652.xisf,LIGHT,1x1,600.00,910,99,LDN 1320,Skywatcher quattro 200p,-10.00,LPRO,0073
2026-07-15_2026-07-16,data\sessions\2026\07\2026-07-15_2026-07-16\raw\nina\20260713-154938-3.2.0.9001.4940-202607.log,490,2026-07-13T23:43:03.4316,D:\Images NINA\Target\LIGHT_1x1_600.00s_910_99_LDN 1320_Skywatcher quattro 200p__-9.90C_LPRO_0074_2026-07-13_23-32-48_FWHM_7.26_Fok_114652.xisf,LIGHT_1x1_600.00s_910_99_LDN 1320_Skywatcher quattro 200p__-9.90C_LPRO_0074_2026-07-13_23-32-48_FWHM_7.26_Fok_114652.xisf,LIGHT,1x1,600.00,910,99,LDN 1320,Skywatcher quattro 200p,-9.90,LPRO,0074
2026-07-15_2026-07-16,data\sessions\2026\07\2026-07-15_2026-07-16\raw\nina\20260713-154938-3.2.0.9001.4940-202607.log,500,2026-07-13T23:53:14.2424,D:\Images NINA\Target\LIGHT_1x1_600.00s_910_99_LDN 1320_Skywatcher quattro 200p__-9.90C_LPRO_0075_2026-07-13_23-43-00_FWHM_7.39_Fok_114652.xisf,LIGHT_1x1_600.00s_910_99_LDN 1320_Skywatcher quattro 200p__-9.90C_LPRO_0075_2026-07-13_23-43-00_FWHM_7.39_Fok_114652.xisf,LIGHT,1x1,600.00,910,99,LDN 1320,Skywatcher quattro 200p,-9.90,LPRO,0075
2026-07-15_2026-07-16,data\sessions\2026\07\2026-07-15_2026-07-16\raw\nina\20260713-154938-3.2.0.9001.4940-202607.log,521,2026-07-14T00:03:35.7357,D:\Images NINA\Target\LIGHT_1x1_600.00s_910_99_LDN 1320_Skywatcher quattro 200p__-9.90C_LPRO_0076_2026-07-13_23-53-22_FWHM_7.24_Fok_114652.xisf,LIGHT_1x1_600.00s_910_99_LDN 1320_Skywatcher quattro 200p__-9.90C_LPRO_0076_2026-07-13_23-53-22_FWHM_7.24_Fok_114652.xisf,LIGHT,1x1,600.00,910,99,LDN 1320,Skywatcher quattro 200p,-9.90,LPRO,0076
2026-07-15_2026-07-16,data\sessions\2026\07\2026-07-15_2026-07-16\raw\nina\20260713-154938-3.2.0.9001.4940-202607.log,546,2026-07-14T00:14:11.9589,D:\Images NINA\Target\LIGHT_1x1_600.00s_910_99_LDN 1320_Skywatcher quattro 200p__-9.90C_LPRO_0077_2026-07-14_00-03-57_FWHM_7.34_Fok_114652.xisf,LIGHT_1x1_600.00s_910_99_LDN 1320_Skywatcher quattro 200p__-9.90C_LPRO_0077_2026-07-14_00-03-57_FWHM_7.34_Fok_114652.xisf,LIGHT,1x1,600.00,910,99,LDN 1320,Skywatcher quattro 200p,-9.90,LPRO,0077
2026-07-15_2026-07-16,data\sessions\2026\07\2026-07-15_2026-07-16\raw\nina\20260713-154938-3.2.0.9001.4940-202607.log,611,2026-07-14T00:27:26.4878,D:\Images NINA\Target\LIGHT_1x1_600.00s_910_99_LDN 1320_Skywatcher quattro 200p__-10.00C_LPRO_0078_2026-07-14_00-17-13_FWHM_7.38_Fok_116134.xisf,LIGHT_1x1_600.00s_910_99_LDN 1320_Skywatcher quattro 200p__-10.00C_LPRO_0078_2026-07-14_00-17-13_FWHM_7.38_Fok_116134.xisf,LIGHT,1x1,600.00,910,99,LDN 1320,Skywatcher quattro 200p,-10.00,LPRO,0078
2026-07-15_2026-07-16,data\sessions\2026\07\2026-07-15_2026-07-16\raw\nina\20260713-154938-3.2.0.9001.4940-202607.log,632,2026-07-14T00:37:48.1195,D:\Images NINA\Target\LIGHT_1x1_600.00s_910_99_LDN 1320_Skywatcher quattro 200p__-9.90C_LPRO_0079_2026-07-14_00-27-34_FWHM_8.00_Fok_116134.xisf,LIGHT_1x1_600.00s_910_99_LDN 1320_Skywatcher quattro 200p__-9.90C_LPRO_0079_2026-07-14_00-27-34_FWHM_8.00_Fok_116134.xisf,LIGHT,1x1,600.00,910,99,LDN 1320,Skywatcher quattro 200p,-9.90,LPRO,0079
2026-07-15_2026-07-16,data\sessions\2026\07\2026-07-15_2026-07-16\raw\nina\20260713-154938-3.2.0.9001.4940-202607.log,657,2026-07-14T00:48:11.4053,D:\Images NINA\Target\LIGHT_1x1_600.00s_910_99_LDN 1320_Skywatcher quattro 200p__-9.90C_LPRO_0080_2026-07-14_00-37-57_FWHM_7.59_Fok_116134.xisf,LIGHT_1x1_600.00s_910_99_LDN 1320_Skywatcher quattro 200p__-9.90C_LPRO_0080_2026-07-14_00-37-57_FWHM_7.59_Fok_116134.xisf,LIGHT,1x1,600.00,910,99,LDN 1320,Skywatcher quattro 200p,-9.90,LPRO,0080
2026-07-15_2026-07-16,data\sessions\2026\07\2026-07-15_2026-07-16\raw\nina\20260713-154938-3.2.0.9001.4940-202607.log,678,2026-07-14T00:58:43.9946,D:\Images NINA\Target\LIGHT_1x1_600.00s_910_99_LDN 1320_Skywatcher quattro 200p__-10.00C_LPRO_0081_2026-07-14_00-48-31_FWHM_7.29_Fok_116134.xisf,LIGHT_1x1_600.00s_910_99_LDN 1320_Skywatcher quattro 200p__-10.00C_LPRO_0081_2026-07-14_00-48-31_FWHM_7.29_Fok_116134.xisf,LIGHT,1x1,600.00,910,99,LDN 1320,Skywatcher quattro 200p,-10.00,LPRO,0081
2026-07-15_2026-07-16,data\sessions\2026\07\2026-07-15_2026-07-16\raw\nina\20260713-154938-3.2.0.9001.4940-202607.log,699,2026-07-14T01:09:20.2413,D:\Images NINA\Target\LIGHT_1x1_600.00s_910_99_LDN 1320_Skywatcher quattro 200p__-9.90C_LPRO_0082_2026-07-14_00-59-07_FWHM_7.47_Fok_116134.xisf,LIGHT_1x1_600.00s_910_99_LDN 1320_Skywatcher quattro 200p__-9.90C_LPRO_0082_2026-07-14_00-59-07_FWHM_7.47_Fok_116134.xisf,LIGHT,1x1,600.00,910,99,LDN 1320,Skywatcher quattro 200p,-9.90,LPRO,0082
2026-07-15_2026-07-16,data\sessions\2026\07\2026-07-15_2026-07-16\raw\nina\20260713-154938-3.2.0.9001.4940-202607.log,769,2026-07-14T01:22:57.1816,D:\Images NINA\Target\LIGHT_1x1_600.00s_910_99_LDN 1320_Skywatcher quattro 200p__-10.00C_LPRO_0083_2026-07-14_01-12-44_FWHM_7.67_Fok_115594.xisf,LIGHT_1x1_600.00s_910_99_LDN 1320_Skywatcher quattro 200p__-10.00C_LPRO_0083_2026-07-14_01-12-44_FWHM_7.67_Fok_115594.xisf,LIGHT,1x1,600.00,910,99,LDN 1320,Skywatcher quattro 200p,-10.00,LPRO,0083
2026-07-15_2026-07-16,data\sessions\2026\07\2026-07-15_2026-07-16\raw\nina\20260713-154938-3.2.0.9001.4940-202607.log,790,2026-07-14T01:33:24.6037,D:\Images NINA\Target\LIGHT_1x1_600.00s_910_99_LDN 1320_Skywatcher quattro 200p__-10.00C_LPRO_0084_2026-07-14_01-23-11_FWHM_7.06_Fok_115594.xisf,LIGHT_1x1_600.00s_910_99_LDN 1320_Skywatcher quattro 200p__-10.00C_LPRO_0084_2026-07-14_01-23-11_FWHM_7.06_Fok_115594.xisf,LIGHT,1x1,600.00,910,99,LDN 1320,Skywatcher quattro 200p,-10.00,LPRO,0084
2026-07-15_2026-07-16,data\sessions\2026\07\2026-07-15_2026-07-16\raw\nina\20260713-154938-3.2.0.9001.4940-202607.log,822,2026-07-14T01:44:01.3709,D:\Images NINA\Target\LIGHT_1x1_600.00s_910_99_LDN 1320_Skywatcher quattro 200p__-9.90C_LPRO_0085_2026-07-14_01-33-48_FWHM_6.99_Fok_115594.xisf,LIGHT_1x1_600.00s_910_99_LDN 1320_Skywatcher quattro 200p__-9.90C_LPRO_0085_2026-07-14_01-33-48_FWHM_6.99_Fok_115594.xisf,LIGHT,1x1,600.00,910,99,LDN 1320,Skywatcher quattro 200p,-9.90,LPRO,0085
2026-07-15_2026-07-16,data\sessions\2026\07\2026-07-15_2026-07-16\raw\nina\20260713-154938-3.2.0.9001.4940-202607.log,836,2026-07-14T01:54:14.2103,D:\Images NINA\Target\LIGHT_1x1_600.00s_910_99_LDN 1320_Skywatcher quattro 200p__-9.90C_LPRO_0086_2026-07-14_01-44-00_FWHM_6.97_Fok_115594.xisf,LIGHT_1x1_600.00s_910_99_LDN 1320_Skywatcher quattro 200p__-9.90C_LPRO_0086_2026-07-14_01-44-00_FWHM_6.97_Fok_115594.xisf,LIGHT,1x1,600.00,910,99,LDN 1320,Skywatcher quattro 200p,-9.90,LPRO,0086
2026-07-15_2026-07-16,data\sessions\2026\07\2026-07-15_2026-07-16\raw\nina\20260713-154938-3.2.0.9001.4940-202607.log,857,2026-07-14T02:04:27.1767,D:\Images NINA\Target\LIGHT_1x1_600.00s_910_99_LDN 1320_Skywatcher quattro 200p__-10.00C_LPRO_0087_2026-07-14_01-54-14_FWHM_6.99_Fok_115594.xisf,LIGHT_1x1_600.00s_910_99_LDN 1320_Skywatcher quattro 200p__-10.00C_LPRO_0087_2026-07-14_01-54-14_FWHM_6.99_Fok_115594.xisf,LIGHT,1x1,600.00,910,99,LDN 1320,Skywatcher quattro 200p,-10.00,LPRO,0087
2026-07-15_2026-07-16,data\sessions\2026\07\2026-07-15_2026-07-16\raw\nina\20260713-154938-3.2.0.9001.4940-202607.log,878,2026-07-14T02:14:56.0406,D:\Images NINA\Target\LIGHT_1x1_600.00s_910_99_LDN 1320_Skywatcher quattro 200p__-9.90C_LPRO_0088_2026-07-14_02-04-43_FWHM_7.19_Fok_115594.xisf,LIGHT_1x1_600.00s_910_99_LDN 1320_Skywatcher quattro 200p__-9.90C_LPRO_0088_2026-07-14_02-04-43_FWHM_7.19_Fok_115594.xisf,LIGHT,1x1,600.00,910,99,LDN 1320,Skywatcher quattro 200p,-9.90,LPRO,0088
2026-07-15_2026-07-16,data\sessions\2026\07\2026-07-15_2026-07-16\raw\nina\20260713-154938-3.2.0.9001.4940-202607.log,903,2026-07-14T02:25:12.7156,D:\Images NINA\Target\LIGHT_1x1_600.00s_910_99_LDN 1320_Skywatcher quattro 200p__-9.90C_LPRO_0089_2026-07-14_02-14-59_FWHM_7.38_Fok_115594.xisf,LIGHT_1x1_600.00s_910_99_LDN 1320_Skywatcher quattro 200p__-9.90C_LPRO_0089_2026-07-14_02-14-59_FWHM_7.38_Fok_115594.xisf,LIGHT,1x1,600.00,910,99,LDN 1320,Skywatcher quattro 200p,-9.90,LPRO,0089
2026-07-15_2026-07-16,data\sessions\2026\07\2026-07-15_2026-07-16\raw\nina\20260713-154938-3.2.0.9001.4940-202607.log,949,2026-07-14T02:37:13.7876,D:\Images NINA\Target\LIGHT_1x1_600.00s_910_99_LDN 1320_Skywatcher quattro 200p__-9.90C_LPRO_0090_2026-07-14_02-27-00_FWHM_6.11_Fok_115594.xisf,LIGHT_1x1_600.00s_910_99_LDN 1320_Skywatcher quattro 200p__-9.90C_LPRO_0090_2026-07-14_02-27-00_FWHM_6.11_Fok_115594.xisf,LIGHT,1x1,600.00,910,99,LDN 1320,Skywatcher quattro 200p,-9.90,LPRO,0090
2026-07-15_2026-07-16,data\sessions\2026\07\2026-07-15_2026-07-16\raw\nina\20260713-154938-3.2.0.9001.4940-202607.log,1007,2026-07-14T02:50:45.9332,D:\Images NINA\Target\LIGHT_1x1_600.00s_910_99_LDN 1320_Skywatcher quattro 200p__-10.00C_LPRO_0091_2026-07-14_02-40-33_FWHM_7.22_Fok_116140.xisf,LIGHT_1x1_600.00s_910_99_LDN 1320_Skywatcher quattro 200p__-10.00C_LPRO_0091_2026-07-14_02-40-33_FWHM_7.22_Fok_116140.xisf,LIGHT,1x1,600.00,910,99,LDN 1320,Skywatcher quattro 200p,-10.00,LPRO,0091
2026-07-15_2026-07-16,data\sessions\2026\07\2026-07-15_2026-07-16\raw\nina\20260713-154938-3.2.0.9001.4940-202607.log,1032,2026-07-14T03:01:15.0758,D:\Images NINA\Target\LIGHT_1x1_600.00s_910_99_LDN 1320_Skywatcher quattro 200p__-9.90C_LPRO_0092_2026-07-14_02-51-00_FWHM_6.83_Fok_116140.xisf,LIGHT_1x1_600.00s_910_99_LDN 1320_Skywatcher quattro 200p__-9.90C_LPRO_0092_2026-07-14_02-51-00_FWHM_6.83_Fok_116140.xisf,LIGHT,1x1,600.00,910,99,LDN 1320,Skywatcher quattro 200p,-9.90,LPRO,0092
2026-07-15_2026-07-16,data\sessions\2026\07\2026-07-15_2026-07-16\raw\nina\20260713-154938-3.2.0.9001.4940-202607.log,1070,2026-07-14T03:12:53.5918,D:\Images NINA\Target\LIGHT_1x1_600.00s_910_99_LDN 1320_Skywatcher quattro 200p__-9.90C_LPRO_0093_2026-07-14_03-02-40_FWHM_6.58_Fok_116140.xisf,LIGHT_1x1_600.00s_910_99_LDN 1320_Skywatcher quattro 200p__-9.90C_LPRO_0093_2026-07-14_03-02-40_FWHM_6.58_Fok_116140.xisf,LIGHT,1x1,600.00,910,99,LDN 1320,Skywatcher quattro 200p,-9.90,LPRO,0093
2026-07-15_2026-07-16,data\sessions\2026\07\2026-07-15_2026-07-16\raw\nina\20260713-154938-3.2.0.9001.4940-202607.log,1091,2026-07-14T03:23:27.6697,D:\Images NINA\Target\LIGHT_1x1_600.00s_910_99_LDN 1320_Skywatcher quattro 200p__-10.00C_LPRO_0094_2026-07-14_03-13-15_FWHM_6.57_Fok_116140.xisf,LIGHT_1x1_600.00s_910_99_LDN 1320_Skywatcher quattro 200p__-10.00C_LPRO_0094_2026-07-14_03-13-15_FWHM_6.57_Fok_116140.xisf,LIGHT,1x1,600.00,910,99,LDN 1320,Skywatcher quattro 200p,-10.00,LPRO,0094
2026-07-15_2026-07-16,data\sessions\2026\07\2026-07-15_2026-07-16\raw\nina\20260713-154938-3.2.0.9001.4940-202607.log,1116,2026-07-14T03:34:09.6974,D:\Images NINA\Target\LIGHT_1x1_600.00s_910_99_LDN 1320_Skywatcher quattro 200p__-9.90C_LPRO_0095_2026-07-14_03-23-55_FWHM_6.44_Fok_116140.xisf,LIGHT_1x1_600.00s_910_99_LDN 1320_Skywatcher quattro 200p__-9.90C_LPRO_0095_2026-07-14_03-23-55_FWHM_6.44_Fok_116140.xisf,LIGHT,1x1,600.00,910,99,LDN 1320,Skywatcher quattro 200p,-9.90,LPRO,0095
2026-07-15_2026-07-16,data\sessions\2026\07\2026-07-15_2026-07-16\raw\nina\20260713-154938-3.2.0.9001.4940-202607.log,1137,2026-07-14T03:44:26.1471,D:\Images NINA\Target\LIGHT_1x1_600.00s_910_99_LDN 1320_Skywatcher quattro 200p__-9.90C_LPRO_0096_2026-07-14_03-34-12_FWHM_6.69_Fok_116140.xisf,LIGHT_1x1_600.00s_910_99_LDN 1320_Skywatcher quattro 200p__-9.90C_LPRO_0096_2026-07-14_03-34-12_FWHM_6.69_Fok_116140.xisf,LIGHT,1x1,600.00,910,99,LDN 1320,Skywatcher quattro 200p,-9.90,LPRO,0096
2026-07-15_2026-07-16,data\sessions\2026\07\2026-07-15_2026-07-16\raw\nina\20260713-154938-3.2.0.9001.4940-202607.log,1158,2026-07-14T03:54:41.5425,D:\Images NINA\Target\LIGHT_1x1_600.00s_910_99_LDN 1320_Skywatcher quattro 200p__-9.90C_LPRO_0097_2026-07-14_03-44-28_FWHM_6.75_Fok_116140.xisf,LIGHT_1x1_600.00s_910_99_LDN 1320_Skywatcher quattro 200p__-9.90C_LPRO_0097_2026-07-14_03-44-28_FWHM_6.75_Fok_116140.xisf,LIGHT,1x1,600.00,910,99,LDN 1320,Skywatcher quattro 200p,-9.90,LPRO,0097
2026-07-15_2026-07-16,data\sessions\2026\07\2026-07-15_2026-07-16\raw\nina\20260713-154938-3.2.0.9001.4940-202607.log,1183,2026-07-14T04:05:08.0364,D:\Images NINA\Target\LIGHT_1x1_600.00s_910_99_LDN 1320_Skywatcher quattro 200p__-9.90C_LPRO_0098_2026-07-14_03-54-54_FWHM_6.62_Fok_116140.xisf,LIGHT_1x1_600.00s_910_99_LDN 1320_Skywatcher quattro 200p__-9.90C_LPRO_0098_2026-07-14_03-54-54_FWHM_6.62_Fok_116140.xisf,LIGHT,1x1,600.00,910,99,LDN 1320,Skywatcher quattro 200p,-9.90,LPRO,0098
2026-07-15_2026-07-16,data\sessions\2026\07\2026-07-15_2026-07-16\raw\nina\20260713-154938-3.2.0.9001.4940-202607.log,1204,2026-07-14T04:15:36.7526,D:\Images NINA\Target\LIGHT_1x1_600.00s_910_99_LDN 1320_Skywatcher quattro 200p__-9.90C_LPRO_0099_2026-07-14_04-05-23_FWHM_6.08_Fok_116140.xisf,LIGHT_1x1_600.00s_910_99_LDN 1320_Skywatcher quattro 200p__-9.90C_LPRO_0099_2026-07-14_04-05-23_FWHM_6.08_Fok_116140.xisf,LIGHT,1x1,600.00,910,99,LDN 1320,Skywatcher quattro 200p,-9.90,LPRO,0099
2026-07-15_2026-07-16,data\sessions\2026\07\2026-07-15_2026-07-16\raw\nina\20260713-154938-3.2.0.9001.4940-202607.log,1277,2026-07-14T04:26:16.1878,D:\Images NINA\Target\LIGHT_1x1_600.00s_910_99_LDN 1320_Skywatcher quattro 200p__-9.90C_LPRO_0100_2026-07-14_04-16-03_FWHM_6.75_Fok_116140.xisf,LIGHT_1x1_600.00s_910_99_LDN 1320_Skywatcher quattro 200p__-9.90C_LPRO_0100_2026-07-14_04-16-03_FWHM_6.75_Fok_116140.xisf,LIGHT,1x1,600.00,910,99,LDN 1320,Skywatcher quattro 200p,-9.90,LPRO,0100
2026-07-15_2026-07-16,data\sessions\2026\07\2026-07-15_2026-07-16\raw\nina\20260713-154938-3.2.0.9001.4940-202607.log,1762,2026-07-15T00:22:34.2449,D:\Images NINA\Target\LIGHT_1x1_600.00s_910_99_LDN 1320_Skywatcher quattro 200p__-9.90C__0000_2026-07-15_00-12-18_FWHM_8.45_Fok_113360.xisf,LIGHT_1x1_600.00s_910_99_LDN 1320_Skywatcher quattro 200p__-9.90C__0000_2026-07-15_00-12-18_FWHM_8.45_Fok_113360.xisf,LIGHT,1x1,600.00,910,99,LDN 1320,Skywatcher quattro 200p,-9.90,LPRO,0000
2026-07-15_2026-07-16,data\sessions\2026\07\2026-07-15_2026-07-16\raw\nina\20260713-154938-3.2.0.9001.4940-202607.log,1837,2026-07-15T00:35:16.2961,D:\Images NINA\Target\LIGHT_1x1_600.00s_910_99_LDN 1320_Skywatcher quattro 200p__-9.90C__0001_2026-07-15_00-25-01_FWHM_7.70_Fok_114623.xisf,LIGHT_1x1_600.00s_910_99_LDN 1320_Skywatcher quattro 200p__-9.90C__0001_2026-07-15_00-25-01_FWHM_7.70_Fok_114623.xisf,LIGHT,1x1,600.00,910,99,LDN 1320,Skywatcher quattro 200p,-9.90,LPRO,0001
2026-07-15_2026-07-16,data\sessions\2026\07\2026-07-15_2026-07-16\raw\nina\20260713-154938-3.2.0.9001.4940-202607.log,1862,2026-07-15T00:45:38.2749,D:\Images NINA\Target\LIGHT_1x1_600.00s_910_99_LDN 1320_Skywatcher quattro 200p__-10.00C__0002_2026-07-15_00-35-18_FWHM_7.77_Fok_114623.xisf,LIGHT_1x1_600.00s_910_99_LDN 1320_Skywatcher quattro 200p__-10.00C__0002_2026-07-15_00-35-18_FWHM_7.77_Fok_114623.xisf,LIGHT,1x1,600.00,910,99,LDN 1320,Skywatcher quattro 200p,-10.00,LPRO,0002
2026-07-15_2026-07-16,data\sessions\2026\07\2026-07-15_2026-07-16\raw\nina\20260713-154938-3.2.0.9001.4940-202607.log,1883,2026-07-15T00:55:54.0532,D:\Images NINA\Target\LIGHT_1x1_600.00s_910_99_LDN 1320_Skywatcher quattro 200p__-10.00C__0003_2026-07-15_00-45-39_FWHM_8.21_Fok_114623.xisf,LIGHT_1x1_600.00s_910_99_LDN 1320_Skywatcher quattro 200p__-10.00C__0003_2026-07-15_00-45-39_FWHM_8.21_Fok_114623.xisf,LIGHT,1x1,600.00,910,99,LDN 1320,Skywatcher quattro 200p,-10.00,LPRO,0003
2026-07-15_2026-07-16,data\sessions\2026\07\2026-07-15_2026-07-16\raw\nina\20260713-154938-3.2.0.9001.4940-202607.log,1992,2026-07-15T01:12:31.2211,D:\Images NINA\Target\LIGHT_1x1_600.00s_910_99_LDN 1320_Skywatcher quattro 200p__-10.00C__0004_2026-07-15_01-02-14_FWHM_7.29_Fok_115282.xisf,LIGHT_1x1_600.00s_910_99_LDN 1320_Skywatcher quattro 200p__-10.00C__0004_2026-07-15_01-02-14_FWHM_7.29_Fok_115282.xisf,LIGHT,1x1,600.00,910,99,LDN 1320,Skywatcher quattro 200p,-10.00,LPRO,0004
2026-07-15_2026-07-16,data\sessions\2026\07\2026-07-15_2026-07-16\raw\nina\20260713-154938-3.2.0.9001.4940-202607.log,2060,2026-07-15T01:25:50.6178,D:\Images NINA\Target\LIGHT_1x1_600.00s_910_99_LDN 1320_Skywatcher quattro 200p__-9.90C__0005_2026-07-15_01-15-34_FWHM_7.52_Fok_115565.xisf,LIGHT_1x1_600.00s_910_99_LDN 1320_Skywatcher quattro 200p__-9.90C__0005_2026-07-15_01-15-34_FWHM_7.52_Fok_115565.xisf,LIGHT,1x1,600.00,910,99,LDN 1320,Skywatcher quattro 200p,-9.90,LPRO,0005
2026-07-15_2026-07-16,data\sessions\2026\07\2026-07-15_2026-07-16\raw\nina\20260713-154938-3.2.0.9001.4940-202607.log,2124,2026-07-15T01:39:07.9291,D:\Images NINA\Target\LIGHT_1x1_600.00s_910_99_LDN 1320_Skywatcher quattro 200p__-10.00C__0006_2026-07-15_01-28-52_FWHM_7.79_Fok_115627.xisf,LIGHT_1x1_600.00s_910_99_LDN 1320_Skywatcher quattro 200p__-10.00C__0006_2026-07-15_01-28-52_FWHM_7.79_Fok_115627.xisf,LIGHT,1x1,600.00,910,99,LDN 1320,Skywatcher quattro 200p,-10.00,LPRO,0006
2026-07-15_2026-07-16,data\sessions\2026\07\2026-07-15_2026-07-16\raw\nina\20260713-154938-3.2.0.9001.4940-202607.log,2189,2026-07-15T01:52:35.8442,D:\Images NINA\Target\LIGHT_1x1_600.00s_910_99_LDN 1320_Skywatcher quattro 200p__-10.00C__0007_2026-07-15_01-42-20_FWHM_7.85_Fok_116748.xisf,LIGHT_1x1_600.00s_910_99_LDN 1320_Skywatcher quattro 200p__-10.00C__0007_2026-07-15_01-42-20_FWHM_7.85_Fok_116748.xisf,LIGHT,1x1,600.00,910,99,LDN 1320,Skywatcher quattro 200p,-10.00,LPRO,0007
2026-07-15_2026-07-16,data\sessions\2026\07\2026-07-15_2026-07-16\raw\nina\20260713-154938-3.2.0.9001.4940-202607.log,2259,2026-07-15T02:06:17.1216,D:\Images NINA\Target\LIGHT_1x1_600.00s_910_99_LDN 1320_Skywatcher quattro 200p__-9.90C__0008_2026-07-15_01-56-01_FWHM_9.05_Fok_115259.xisf,LIGHT_1x1_600.00s_910_99_LDN 1320_Skywatcher quattro 200p__-9.90C__0008_2026-07-15_01-56-01_FWHM_9.05_Fok_115259.xisf,LIGHT,1x1,600.00,910,99,LDN 1320,Skywatcher quattro 200p,-9.90,LPRO,0008
2026-07-15_2026-07-16,data\sessions\2026\07\2026-07-15_2026-07-16\raw\nina\20260713-154938-3.2.0.9001.4940-202607.log,2324,2026-07-15T02:20:05.0702,D:\Images NINA\Target\LIGHT_1x1_600.00s_910_99_LDN 1320_Skywatcher quattro 200p__-9.90C__0009_2026-07-15_02-09-50_FWHM_8.22_Fok_116426.xisf,LIGHT_1x1_600.00s_910_99_LDN 1320_Skywatcher quattro 200p__-9.90C__0009_2026-07-15_02-09-50_FWHM_8.22_Fok_116426.xisf,LIGHT,1x1,600.00,910,99,LDN 1320,Skywatcher quattro 200p,-9.90,LPRO,0009
2026-07-15_2026-07-16,data\sessions\2026\07\2026-07-15_2026-07-16\raw\nina\20260713-154938-3.2.0.9001.4940-202607.log,2389,2026-07-15T02:33:52.0101,D:\Images NINA\Target\LIGHT_1x1_600.00s_910_99_LDN 1320_Skywatcher quattro 200p__-9.90C__0010_2026-07-15_02-23-36_FWHM_7.24_Fok_115892.xisf,LIGHT_1x1_600.00s_910_99_LDN 1320_Skywatcher quattro 200p__-9.90C__0010_2026-07-15_02-23-36_FWHM_7.24_Fok_115892.xisf,LIGHT,1x1,600.00,910,99,LDN 1320,Skywatcher quattro 200p,-9.90,LPRO,0010
2026-07-15_2026-07-16,data\sessions\2026\07\2026-07-15_2026-07-16\raw\nina\20260713-154938-3.2.0.9001.4940-202607.log,2458,2026-07-15T02:47:26.7738,D:\Images NINA\Target\LIGHT_1x1_600.00s_910_99_LDN 1320_Skywatcher quattro 200p__-9.90C__0011_2026-07-15_02-37-10_FWHM_6.96_Fok_115713.xisf,LIGHT_1x1_600.00s_910_99_LDN 1320_Skywatcher quattro 200p__-9.90C__0011_2026-07-15_02-37-10_FWHM_6.96_Fok_115713.xisf,LIGHT,1x1,600.00,910,99,LDN 1320,Skywatcher quattro 200p,-9.90,LPRO,0011
2026-07-15_2026-07-16,data\sessions\2026\07\2026-07-15_2026-07-16\raw\nina\20260713-154938-3.2.0.9001.4940-202607.log,2534,2026-07-15T03:00:56.8105,D:\Images NINA\Target\LIGHT_1x1_600.00s_910_99_LDN 1320_Skywatcher quattro 200p__-9.90C__0012_2026-07-15_02-50-41_FWHM_7.45_Fok_115621.xisf,LIGHT_1x1_600.00s_910_99_LDN 1320_Skywatcher quattro 200p__-9.90C__0012_2026-07-15_02-50-41_FWHM_7.45_Fok_115621.xisf,LIGHT,1x1,600.00,910,99,LDN 1320,Skywatcher quattro 200p,-9.90,LPRO,0012
2026-07-15_2026-07-16,data\sessions\2026\07\2026-07-15_2026-07-16\raw\nina\20260713-154938-3.2.0.9001.4940-202607.log,2586,2026-07-15T03:14:08.8561,D:\Images NINA\Target\LIGHT_1x1_600.00s_910_99_LDN 1320_Skywatcher quattro 200p__-9.90C__0013_2026-07-15_03-03-53_FWHM_7.63_Fok_116364.xisf,LIGHT_1x1_600.00s_910_99_LDN 1320_Skywatcher quattro 200p__-9.90C__0013_2026-07-15_03-03-53_FWHM_7.63_Fok_116364.xisf,LIGHT,1x1,600.00,910,99,LDN 1320,Skywatcher quattro 200p,-9.90,LPRO,0013
2026-07-15_2026-07-16,data\sessions\2026\07\2026-07-15_2026-07-16\raw\nina\20260713-154938-3.2.0.9001.4940-202607.log,2656,2026-07-15T03:27:35.8695,D:\Images NINA\Target\LIGHT_1x1_600.00s_910_99_LDN 1320_Skywatcher quattro 200p__-9.90C__0014_2026-07-15_03-17-18_FWHM_7.21_Fok_115676.xisf,LIGHT_1x1_600.00s_910_99_LDN 1320_Skywatcher quattro 200p__-9.90C__0014_2026-07-15_03-17-18_FWHM_7.21_Fok_115676.xisf,LIGHT,1x1,600.00,910,99,LDN 1320,Skywatcher quattro 200p,-9.90,LPRO,0014
2026-07-15_2026-07-16,data\sessions\2026\07\2026-07-15_2026-07-16\raw\nina\20260713-154938-3.2.0.9001.4940-202607.log,2720,2026-07-15T03:40:57.3972,D:\Images NINA\Target\LIGHT_1x1_600.00s_910_99_LDN 1320_Skywatcher quattro 200p__-9.90C__0015_2026-07-15_03-30-42_FWHM_7.15_Fok_115278.xisf,LIGHT_1x1_600.00s_910_99_LDN 1320_Skywatcher quattro 200p__-9.90C__0015_2026-07-15_03-30-42_FWHM_7.15_Fok_115278.xisf,LIGHT,1x1,600.00,910,99,LDN 1320,Skywatcher quattro 200p,-9.90,LPRO,0015
2026-07-15_2026-07-16,data\sessions\2026\07\2026-07-15_2026-07-16\raw\nina\20260713-154938-3.2.0.9001.4940-202607.log,2784,2026-07-15T03:54:12.5788,D:\Images NINA\Target\LIGHT_1x1_600.00s_910_99_LDN 1320_Skywatcher quattro 200p__-10.00C__0016_2026-07-15_03-43-56_FWHM_7.04_Fok_116231.xisf,LIGHT_1x1_600.00s_910_99_LDN 1320_Skywatcher quattro 200p__-10.00C__0016_2026-07-15_03-43-56_FWHM_7.04_Fok_116231.xisf,LIGHT,1x1,600.00,910,99,LDN 1320,Skywatcher quattro 200p,-10.00,LPRO,0016
2026-07-15_2026-07-16,data\sessions\2026\07\2026-07-15_2026-07-16\raw\nina\20260713-154938-3.2.0.9001.4940-202607.log,2853,2026-07-15T04:07:44.8225,D:\Images NINA\Target\LIGHT_1x1_600.00s_910_99_LDN 1320_Skywatcher quattro 200p__-9.90C__0017_2026-07-15_03-57-28_FWHM_6.78_Fok_116840.xisf,LIGHT_1x1_600.00s_910_99_LDN 1320_Skywatcher quattro 200p__-9.90C__0017_2026-07-15_03-57-28_FWHM_6.78_Fok_116840.xisf,LIGHT,1x1,600.00,910,99,LDN 1320,Skywatcher quattro 200p,-9.90,LPRO,0017
2026-07-15_2026-07-16,data\sessions\2026\07\2026-07-15_2026-07-16\raw\nina\20260713-154938-3.2.0.9001.4940-202607.log,2935,2026-07-15T04:22:47.6334,D:\Images NINA\Target\LIGHT_1x1_600.00s_910_99_LDN 1320_Skywatcher quattro 200p__-9.90C__0018_2026-07-15_04-12-33_FWHM_7.08_Fok_116723.xisf,LIGHT_1x1_600.00s_910_99_LDN 1320_Skywatcher quattro 200p__-9.90C__0018_2026-07-15_04-12-33_FWHM_7.08_Fok_116723.xisf,LIGHT,1x1,600.00,910,99,LDN 1320,Skywatcher quattro 200p,-9.90,LPRO,0018
2026-07-15_2026-07-16,data\sessions\2026\07\2026-07-15_2026-07-16\raw\nina\20260715-154048-3.2.0.9001.6864-202607.log,422,2026-07-15T22:57:10.5086,D:\Images NINA\Target\LIGHT_1x1_600.00s_910_99_LDN 1320_Skywatcher quattro 200p__-10.00C_LPRO_0101_2026-07-15_22-46-56_FWHM_6.21_Fok_114532.xisf,LIGHT_1x1_600.00s_910_99_LDN 1320_Skywatcher quattro 200p__-10.00C_LPRO_0101_2026-07-15_22-46-56_FWHM_6.21_Fok_114532.xisf,LIGHT,1x1,600.00,910,99,LDN 1320,Skywatcher quattro 200p,-10.00,LPRO,0101
2026-07-15_2026-07-16,data\sessions\2026\07\2026-07-15_2026-07-16\raw\nina\20260715-154048-3.2.0.9001.6864-202607.log,443,2026-07-15T23:07:43.7807,D:\Images NINA\Target\LIGHT_1x1_600.00s_910_99_LDN 1320_Skywatcher quattro 200p__-10.00C_LPRO_0102_2026-07-15_22-57-29_FWHM_6.24_Fok_114532.xisf,LIGHT_1x1_600.00s_910_99_LDN 1320_Skywatcher quattro 200p__-10.00C_LPRO_0102_2026-07-15_22-57-29_FWHM_6.24_Fok_114532.xisf,LIGHT,1x1,600.00,910,99,LDN 1320,Skywatcher quattro 200p,-10.00,LPRO,0102
2026-07-15_2026-07-16,data\sessions\2026\07\2026-07-15_2026-07-16\raw\nina\20260715-154048-3.2.0.9001.6864-202607.log,468,2026-07-15T23:18:12.3852,D:\Images NINA\Target\LIGHT_1x1_600.00s_910_99_LDN 1320_Skywatcher quattro 200p__-9.90C_LPRO_0103_2026-07-15_23-07-56_FWHM_6.39_Fok_114532.xisf,LIGHT_1x1_600.00s_910_99_LDN 1320_Skywatcher quattro 200p__-9.90C_LPRO_0103_2026-07-15_23-07-56_FWHM_6.39_Fok_114532.xisf,LIGHT,1x1,600.00,910,99,LDN 1320,Skywatcher quattro 200p,-9.90,LPRO,0103
2026-07-15_2026-07-16,data\sessions\2026\07\2026-07-15_2026-07-16\raw\nina\20260715-154048-3.2.0.9001.6864-202607.log,489,2026-07-15T23:28:28.6191,D:\Images NINA\Target\LIGHT_1x1_600.00s_910_99_LDN 1320_Skywatcher quattro 200p__-9.90C_LPRO_0104_2026-07-15_23-18-12_FWHM_6.49_Fok_114532.xisf,LIGHT_1x1_600.00s_910_99_LDN 1320_Skywatcher quattro 200p__-9.90C_LPRO_0104_2026-07-15_23-18-12_FWHM_6.49_Fok_114532.xisf,LIGHT,1x1,600.00,910,99,LDN 1320,Skywatcher quattro 200p,-9.90,LPRO,0104
2026-07-15_2026-07-16,data\sessions\2026\07\2026-07-15_2026-07-16\raw\nina\20260715-154048-3.2.0.9001.6864-202607.log,510,2026-07-15T23:38:52.3228,D:\Images NINA\Target\LIGHT_1x1_600.00s_910_99_LDN 1320_Skywatcher quattro 200p__-10.00C_LPRO_0105_2026-07-15_23-28-38_FWHM_6.48_Fok_114532.xisf,LIGHT_1x1_600.00s_910_99_LDN 1320_Skywatcher quattro 200p__-10.00C_LPRO_0105_2026-07-15_23-28-38_FWHM_6.48_Fok_114532.xisf,LIGHT,1x1,600.00,910,99,LDN 1320,Skywatcher quattro 200p,-10.00,LPRO,0105
2026-07-15_2026-07-16,data\sessions\2026\07\2026-07-15_2026-07-16\raw\nina\20260715-154048-3.2.0.9001.6864-202607.log,579,2026-07-15T23:52:17.8371,D:\Images NINA\Target\LIGHT_1x1_600.00s_910_99_LDN 1320_Skywatcher quattro 200p__-10.00C_LPRO_0106_2026-07-15_23-42-02_FWHM_7.85_Fok_115741.xisf,LIGHT_1x1_600.00s_910_99_LDN 1320_Skywatcher quattro 200p__-10.00C_LPRO_0106_2026-07-15_23-42-02_FWHM_7.85_Fok_115741.xisf,LIGHT,1x1,600.00,910,99,LDN 1320,Skywatcher quattro 200p,-10.00,LPRO,0106
2026-07-15_2026-07-16,data\sessions\2026\07\2026-07-15_2026-07-16\raw\nina\20260715-154048-3.2.0.9001.6864-202607.log,600,2026-07-16T00:02:43.1451,D:\Images NINA\Target\LIGHT_1x1_600.00s_910_99_LDN 1320_Skywatcher quattro 200p__-9.90C_LPRO_0107_2026-07-15_23-52-28_FWHM_7.51_Fok_115741.xisf,LIGHT_1x1_600.00s_910_99_LDN 1320_Skywatcher quattro 200p__-9.90C_LPRO_0107_2026-07-15_23-52-28_FWHM_7.51_Fok_115741.xisf,LIGHT,1x1,600.00,910,99,LDN 1320,Skywatcher quattro 200p,-9.90,LPRO,0107
2026-07-15_2026-07-16,data\sessions\2026\07\2026-07-15_2026-07-16\raw\nina\20260715-154048-3.2.0.9001.6864-202607.log,621,2026-07-16T00:13:06.5713,D:\Images NINA\Target\LIGHT_1x1_600.00s_910_99_LDN 1320_Skywatcher quattro 200p__-9.90C_LPRO_0108_2026-07-16_00-02-51_FWHM_6.73_Fok_115741.xisf,LIGHT_1x1_600.00s_910_99_LDN 1320_Skywatcher quattro 200p__-9.90C_LPRO_0108_2026-07-16_00-02-51_FWHM_6.73_Fok_115741.xisf,LIGHT,1x1,600.00,910,99,LDN 1320,Skywatcher quattro 200p,-9.90,LPRO,0108
2026-07-15_2026-07-16,data\sessions\2026\07\2026-07-15_2026-07-16\raw\nina\20260715-154048-3.2.0.9001.6864-202607.log,646,2026-07-16T00:23:28.9434,D:\Images NINA\Target\LIGHT_1x1_600.00s_910_99_LDN 1320_Skywatcher quattro 200p__-9.90C_LPRO_0109_2026-07-16_00-13-14_FWHM_6.74_Fok_115741.xisf,LIGHT_1x1_600.00s_910_99_LDN 1320_Skywatcher quattro 200p__-9.90C_LPRO_0109_2026-07-16_00-13-14_FWHM_6.74_Fok_115741.xisf,LIGHT,1x1,600.00,910,99,LDN 1320,Skywatcher quattro 200p,-9.90,LPRO,0109
2026-07-15_2026-07-16,data\sessions\2026\07\2026-07-15_2026-07-16\raw\nina\20260715-154048-3.2.0.9001.6864-202607.log,667,2026-07-16T00:33:56.2016,D:\Images NINA\Target\LIGHT_1x1_600.00s_910_99_LDN 1320_Skywatcher quattro 200p__-9.90C_LPRO_0110_2026-07-16_00-23-42_FWHM_6.34_Fok_115741.xisf,LIGHT_1x1_600.00s_910_99_LDN 1320_Skywatcher quattro 200p__-9.90C_LPRO_0110_2026-07-16_00-23-42_FWHM_6.34_Fok_115741.xisf,LIGHT,1x1,600.00,910,99,LDN 1320,Skywatcher quattro 200p,-9.90,LPRO,0110
2026-07-15_2026-07-16,data\sessions\2026\07\2026-07-15_2026-07-16\raw\nina\20260715-154048-3.2.0.9001.6864-202607.log,688,2026-07-16T00:44:22.9967,D:\Images NINA\Target\LIGHT_1x1_600.00s_910_99_LDN 1320_Skywatcher quattro 200p__-10.00C_LPRO_0111_2026-07-16_00-34-08_FWHM_6.27_Fok_115741.xisf,LIGHT_1x1_600.00s_910_99_LDN 1320_Skywatcher quattro 200p__-10.00C_LPRO_0111_2026-07-16_00-34-08_FWHM_6.27_Fok_115741.xisf,LIGHT,1x1,600.00,910,99,LDN 1320,Skywatcher quattro 200p,-10.00,LPRO,0111
2026-07-15_2026-07-16,data\sessions\2026\07\2026-07-15_2026-07-16\raw\nina\20260715-154048-3.2.0.9001.6864-202607.log,713,2026-07-16T00:55:00.3022,D:\Images NINA\Target\LIGHT_1x1_600.00s_910_99_LDN 1320_Skywatcher quattro 200p__-10.00C_LPRO_0112_2026-07-16_00-44-45_FWHM_6.52_Fok_115741.xisf,LIGHT_1x1_600.00s_910_99_LDN 1320_Skywatcher quattro 200p__-10.00C_LPRO_0112_2026-07-16_00-44-45_FWHM_6.52_Fok_115741.xisf,LIGHT,1x1,600.00,910,99,LDN 1320,Skywatcher quattro 200p,-10.00,LPRO,0112
2026-07-15_2026-07-16,data\sessions\2026\07\2026-07-15_2026-07-16\raw\nina\20260715-154048-3.2.0.9001.6864-202607.log,734,2026-07-16T01:05:26.5395,D:\Images NINA\Target\LIGHT_1x1_600.00s_910_99_LDN 1320_Skywatcher quattro 200p__-9.90C_LPRO_0113_2026-07-16_00-55-11_FWHM_6.58_Fok_115741.xisf,LIGHT_1x1_600.00s_910_99_LDN 1320_Skywatcher quattro 200p__-9.90C_LPRO_0113_2026-07-16_00-55-11_FWHM_6.58_Fok_115741.xisf,LIGHT,1x1,600.00,910,99,LDN 1320,Skywatcher quattro 200p,-9.90,LPRO,0113
2026-07-15_2026-07-16,data\sessions\2026\07\2026-07-15_2026-07-16\raw\nina\20260715-154048-3.2.0.9001.6864-202607.log,769,2026-07-16T01:16:07.0799,D:\Images NINA\Target\LIGHT_1x1_600.00s_910_99_LDN 1320_Skywatcher quattro 200p__-9.90C_LPRO_0114_2026-07-16_01-05-53_FWHM_7.82_Fok_115741.xisf,LIGHT_1x1_600.00s_910_99_LDN 1320_Skywatcher quattro 200p__-9.90C_LPRO_0114_2026-07-16_01-05-53_FWHM_7.82_Fok_115741.xisf,LIGHT,1x1,600.00,910,99,LDN 1320,Skywatcher quattro 200p,-9.90,LPRO,0114
2026-07-15_2026-07-16,data\sessions\2026\07\2026-07-15_2026-07-16\raw\nina\20260715-154048-3.2.0.9001.6864-202607.log,795,2026-07-16T01:26:40.1691,D:\Images NINA\Target\LIGHT_1x1_600.00s_910_99_LDN 1320_Skywatcher quattro 200p__-10.00C_LPRO_0115_2026-07-16_01-16-23_FWHM_7.03_Fok_115741.xisf,LIGHT_1x1_600.00s_910_99_LDN 1320_Skywatcher quattro 200p__-10.00C_LPRO_0115_2026-07-16_01-16-23_FWHM_7.03_Fok_115741.xisf,LIGHT,1x1,600.00,910,99,LDN 1320,Skywatcher quattro 200p,-10.00,LPRO,0115
2026-07-15_2026-07-16,data\sessions\2026\07\2026-07-15_2026-07-16\raw\nina\20260715-154048-3.2.0.9001.6864-202607.log,816,2026-07-16T01:36:56.8466,D:\Images NINA\Target\LIGHT_1x1_600.00s_910_99_LDN 1320_Skywatcher quattro 200p__-9.90C_LPRO_0116_2026-07-16_01-26-42_FWHM_6.76_Fok_115741.xisf,LIGHT_1x1_600.00s_910_99_LDN 1320_Skywatcher quattro 200p__-9.90C_LPRO_0116_2026-07-16_01-26-42_FWHM_6.76_Fok_115741.xisf,LIGHT,1x1,600.00,910,99,LDN 1320,Skywatcher quattro 200p,-9.90,LPRO,0116
2026-07-15_2026-07-16,data\sessions\2026\07\2026-07-15_2026-07-16\raw\nina\20260715-154048-3.2.0.9001.6864-202607.log,837,2026-07-16T01:47:26.4287,D:\Images NINA\Target\LIGHT_1x1_600.00s_910_99_LDN 1320_Skywatcher quattro 200p__-9.90C_LPRO_0117_2026-07-16_01-37-10_FWHM_6.55_Fok_115741.xisf,LIGHT_1x1_600.00s_910_99_LDN 1320_Skywatcher quattro 200p__-9.90C_LPRO_0117_2026-07-16_01-37-10_FWHM_6.55_Fok_115741.xisf,LIGHT,1x1,600.00,910,99,LDN 1320,Skywatcher quattro 200p,-9.90,LPRO,0117
2026-07-15_2026-07-16,data\sessions\2026\07\2026-07-15_2026-07-16\raw\nina\20260715-154048-3.2.0.9001.6864-202607.log,862,2026-07-16T01:57:44.6110,D:\Images NINA\Target\LIGHT_1x1_600.00s_910_99_LDN 1320_Skywatcher quattro 200p__-9.90C_LPRO_0118_2026-07-16_01-47-28_FWHM_6.64_Fok_115741.xisf,LIGHT_1x1_600.00s_910_99_LDN 1320_Skywatcher quattro 200p__-9.90C_LPRO_0118_2026-07-16_01-47-28_FWHM_6.64_Fok_115741.xisf,LIGHT,1x1,600.00,910,99,LDN 1320,Skywatcher quattro 200p,-9.90,LPRO,0118
2026-07-15_2026-07-16,data\sessions\2026\07\2026-07-15_2026-07-16\raw\nina\20260715-154048-3.2.0.9001.6864-202607.log,900,2026-07-16T02:09:47.0460,D:\Images NINA\Target\LIGHT_1x1_600.00s_910_99_LDN 1320_Skywatcher quattro 200p__-9.90C_LPRO_0119_2026-07-16_01-59-32_FWHM_7.13_Fok_115741.xisf,LIGHT_1x1_600.00s_910_99_LDN 1320_Skywatcher quattro 200p__-9.90C_LPRO_0119_2026-07-16_01-59-32_FWHM_7.13_Fok_115741.xisf,LIGHT,1x1,600.00,910,99,LDN 1320,Skywatcher quattro 200p,-9.90,LPRO,0119
2026-07-15_2026-07-16,data\sessions\2026\07\2026-07-15_2026-07-16\raw\nina\20260715-154048-3.2.0.9001.6864-202607.log,921,2026-07-16T02:20:15.5487,D:\Images NINA\Target\LIGHT_1x1_600.00s_910_99_LDN 1320_Skywatcher quattro 200p__-10.00C_LPRO_0120_2026-07-16_02-10-00_FWHM_7.00_Fok_115741.xisf,LIGHT_1x1_600.00s_910_99_LDN 1320_Skywatcher quattro 200p__-10.00C_LPRO_0120_2026-07-16_02-10-00_FWHM_7.00_Fok_115741.xisf,LIGHT,1x1,600.00,910,99,LDN 1320,Skywatcher quattro 200p,-10.00,LPRO,0120
2026-07-15_2026-07-16,data\sessions\2026\07\2026-07-15_2026-07-16\raw\nina\20260715-154048-3.2.0.9001.6864-202607.log,946,2026-07-16T02:30:34.1920,D:\Images NINA\Target\LIGHT_1x1_600.00s_910_99_LDN 1320_Skywatcher quattro 200p__-9.90C_LPRO_0121_2026-07-16_02-20-18_FWHM_6.49_Fok_115741.xisf,LIGHT_1x1_600.00s_910_99_LDN 1320_Skywatcher quattro 200p__-9.90C_LPRO_0121_2026-07-16_02-20-18_FWHM_6.49_Fok_115741.xisf,LIGHT,1x1,600.00,910,99,LDN 1320,Skywatcher quattro 200p,-9.90,LPRO,0121
2026-07-15_2026-07-16,data\sessions\2026\07\2026-07-15_2026-07-16\raw\nina\20260715-154048-3.2.0.9001.6864-202607.log,967,2026-07-16T02:41:08.5958,D:\Images NINA\Target\LIGHT_1x1_600.00s_910_99_LDN 1320_Skywatcher quattro 200p__-9.90C_LPRO_0122_2026-07-16_02-30-54_FWHM_6.71_Fok_115741.xisf,LIGHT_1x1_600.00s_910_99_LDN 1320_Skywatcher quattro 200p__-9.90C_LPRO_0122_2026-07-16_02-30-54_FWHM_6.71_Fok_115741.xisf,LIGHT,1x1,600.00,910,99,LDN 1320,Skywatcher quattro 200p,-9.90,LPRO,0122
2026-07-15_2026-07-16,data\sessions\2026\07\2026-07-15_2026-07-16\raw\nina\20260715-154048-3.2.0.9001.6864-202607.log,988,2026-07-16T02:51:47.3061,D:\Images NINA\Target\LIGHT_1x1_600.00s_910_99_LDN 1320_Skywatcher quattro 200p__-9.90C_LPRO_0123_2026-07-16_02-41-32_FWHM_6.05_Fok_115741.xisf,LIGHT_1x1_600.00s_910_99_LDN 1320_Skywatcher quattro 200p__-9.90C_LPRO_0123_2026-07-16_02-41-32_FWHM_6.05_Fok_115741.xisf,LIGHT,1x1,600.00,910,99,LDN 1320,Skywatcher quattro 200p,-9.90,LPRO,0123
2026-07-15_2026-07-16,data\sessions\2026\07\2026-07-15_2026-07-16\raw\nina\20260715-154048-3.2.0.9001.6864-202607.log,1013,2026-07-16T03:02:06.5612,D:\Images NINA\Target\LIGHT_1x1_600.00s_910_99_LDN 1320_Skywatcher quattro 200p__-9.90C_LPRO_0124_2026-07-16_02-51-50_FWHM_6.18_Fok_115741.xisf,LIGHT_1x1_600.00s_910_99_LDN 1320_Skywatcher quattro 200p__-9.90C_LPRO_0124_2026-07-16_02-51-50_FWHM_6.18_Fok_115741.xisf,LIGHT,1x1,600.00,910,99,LDN 1320,Skywatcher quattro 200p,-9.90,LPRO,0124
2026-07-15_2026-07-16,data\sessions\2026\07\2026-07-15_2026-07-16\raw\nina\20260715-154048-3.2.0.9001.6864-202607.log,1034,2026-07-16T03:12:22.0754,D:\Images NINA\Target\LIGHT_1x1_600.00s_910_99_LDN 1320_Skywatcher quattro 200p__-10.00C_LPRO_0125_2026-07-16_03-02-06_FWHM_6.31_Fok_115741.xisf,LIGHT_1x1_600.00s_910_99_LDN 1320_Skywatcher quattro 200p__-10.00C_LPRO_0125_2026-07-16_03-02-06_FWHM_6.31_Fok_115741.xisf,LIGHT,1x1,600.00,910,99,LDN 1320,Skywatcher quattro 200p,-10.00,LPRO,0125
2026-07-15_2026-07-16,data\sessions\2026\07\2026-07-15_2026-07-16\raw\nina\20260715-154048-3.2.0.9001.6864-202607.log,1064,2026-07-16T03:22:51.3713,D:\Images NINA\Target\LIGHT_1x1_600.00s_910_99_LDN 1320_Skywatcher quattro 200p__-10.00C_LPRO_0126_2026-07-16_03-12-37_FWHM_6.56_Fok_115741.xisf,LIGHT_1x1_600.00s_910_99_LDN 1320_Skywatcher quattro 200p__-10.00C_LPRO_0126_2026-07-16_03-12-37_FWHM_6.56_Fok_115741.xisf,LIGHT,1x1,600.00,910,99,LDN 1320,Skywatcher quattro 200p,-10.00,LPRO,0126
2026-07-15_2026-07-16,data\sessions\2026\07\2026-07-15_2026-07-16\raw\nina\20260715-154048-3.2.0.9001.6864-202607.log,1114,2026-07-16T03:39:49.5347,D:\Images NINA\Target\LIGHT_1x1_600.00s_910_99_LDN 1320_Skywatcher quattro 200p__-10.00C_LPRO_0127_2026-07-16_03-29-35_FWHM_5.97_Fok_115741.xisf,LIGHT_1x1_600.00s_910_99_LDN 1320_Skywatcher quattro 200p__-10.00C_LPRO_0127_2026-07-16_03-29-35_FWHM_5.97_Fok_115741.xisf,LIGHT,1x1,600.00,910,99,LDN 1320,Skywatcher quattro 200p,-10.00,LPRO,0127
2026-07-15_2026-07-16,data\sessions\2026\07\2026-07-15_2026-07-16\raw\nina\20260715-154048-3.2.0.9001.6864-202607.log,1139,2026-07-16T03:50:33.1806,D:\Images NINA\Target\LIGHT_1x1_600.00s_910_99_LDN 1320_Skywatcher quattro 200p__-9.90C_LPRO_0128_2026-07-16_03-40-17_FWHM_5.91_Fok_115741.xisf,LIGHT_1x1_600.00s_910_99_LDN 1320_Skywatcher quattro 200p__-9.90C_LPRO_0128_2026-07-16_03-40-17_FWHM_5.91_Fok_115741.xisf,LIGHT,1x1,600.00,910,99,LDN 1320,Skywatcher quattro 200p,-9.90,LPRO,0128
2026-07-15_2026-07-16,data\sessions\2026\07\2026-07-15_2026-07-16\raw\nina\20260715-154048-3.2.0.9001.6864-202607.log,1160,2026-07-16T04:00:49.8828,D:\Images NINA\Target\LIGHT_1x1_600.00s_910_99_LDN 1320_Skywatcher quattro 200p__-9.90C_LPRO_0129_2026-07-16_03-50-35_FWHM_5.86_Fok_115741.xisf,LIGHT_1x1_600.00s_910_99_LDN 1320_Skywatcher quattro 200p__-9.90C_LPRO_0129_2026-07-16_03-50-35_FWHM_5.86_Fok_115741.xisf,LIGHT,1x1,600.00,910,99,LDN 1320,Skywatcher quattro 200p,-9.90,LPRO,0129
2026-07-15_2026-07-16,data\sessions\2026\07\2026-07-15_2026-07-16\raw\nina\20260715-154048-3.2.0.9001.6864-202607.log,1181,2026-07-16T04:11:11.7422,D:\Images NINA\Target\LIGHT_1x1_600.00s_910_99_LDN 1320_Skywatcher quattro 200p__-9.90C_LPRO_0130_2026-07-16_04-00-57_FWHM_5.88_Fok_115741.xisf,LIGHT_1x1_600.00s_910_99_LDN 1320_Skywatcher quattro 200p__-9.90C_LPRO_0130_2026-07-16_04-00-57_FWHM_5.88_Fok_115741.xisf,LIGHT,1x1,600.00,910,99,LDN 1320,Skywatcher quattro 200p,-9.90,LPRO,0130
2026-07-15_2026-07-16,data\sessions\2026\07\2026-07-15_2026-07-16\raw\nina\20260715-154048-3.2.0.9001.6864-202607.log,1206,2026-07-16T04:21:39.0558,D:\Images NINA\Target\LIGHT_1x1_600.00s_910_99_LDN 1320_Skywatcher quattro 200p__-9.90C_LPRO_0131_2026-07-16_04-11-23_FWHM_6.08_Fok_115741.xisf,LIGHT_1x1_600.00s_910_99_LDN 1320_Skywatcher quattro 200p__-9.90C_LPRO_0131_2026-07-16_04-11-23_FWHM_6.08_Fok_115741.xisf,LIGHT,1x1,600.00,910,99,LDN 1320,Skywatcher quattro 200p,-9.90,LPRO,0131
2026-07-15_2026-07-16,data\sessions\2026\07\2026-07-15_2026-07-16\raw\nina\20260715-154048-3.2.0.9001.6864-202607.log,1279,2026-07-16T04:31:55.7598,D:\Images NINA\Target\LIGHT_1x1_600.00s_910_99_LDN 1320_Skywatcher quattro 200p__-10.00C_LPRO_0132_2026-07-16_04-21-42_FWHM_6.02_Fok_115741.xisf,LIGHT_1x1_600.00s_910_99_LDN 1320_Skywatcher quattro 200p__-10.00C_LPRO_0132_2026-07-16_04-21-42_FWHM_6.02_Fok_115741.xisf,LIGHT,1x1,600.00,910,99,LDN 1320,Skywatcher quattro 200p,-10.00,LPRO,0132
2026-07-16_2026-07-17,data\sessions\2026\07\2026-07-16_2026-07-17\raw\nina\20260715-154048-3.2.0.9001.6864-202607.log,422,2026-07-15T22:57:10.5086,D:\Images NINA\Target\LIGHT_1x1_600.00s_910_99_LDN 1320_Skywatcher quattro 200p__-10.00C_LPRO_0101_2026-07-15_22-46-56_FWHM_6.21_Fok_114532.xisf,LIGHT_1x1_600.00s_910_99_LDN 1320_Skywatcher quattro 200p__-10.00C_LPRO_0101_2026-07-15_22-46-56_FWHM_6.21_Fok_114532.xisf,LIGHT,1x1,600.00,910,99,LDN 1320,Skywatcher quattro 200p,-10.00,LPRO,0101
2026-07-16_2026-07-17,data\sessions\2026\07\2026-07-16_2026-07-17\raw\nina\20260715-154048-3.2.0.9001.6864-202607.log,443,2026-07-15T23:07:43.7807,D:\Images NINA\Target\LIGHT_1x1_600.00s_910_99_LDN 1320_Skywatcher quattro 200p__-10.00C_LPRO_0102_2026-07-15_22-57-29_FWHM_6.24_Fok_114532.xisf,LIGHT_1x1_600.00s_910_99_LDN 1320_Skywatcher quattro 200p__-10.00C_LPRO_0102_2026-07-15_22-57-29_FWHM_6.24_Fok_114532.xisf,LIGHT,1x1,600.00,910,99,LDN 1320,Skywatcher quattro 200p,-10.00,LPRO,0102
2026-07-16_2026-07-17,data\sessions\2026\07\2026-07-16_2026-07-17\raw\nina\20260715-154048-3.2.0.9001.6864-202607.log,468,2026-07-15T23:18:12.3852,D:\Images NINA\Target\LIGHT_1x1_600.00s_910_99_LDN 1320_Skywatcher quattro 200p__-9.90C_LPRO_0103_2026-07-15_23-07-56_FWHM_6.39_Fok_114532.xisf,LIGHT_1x1_600.00s_910_99_LDN 1320_Skywatcher quattro 200p__-9.90C_LPRO_0103_2026-07-15_23-07-56_FWHM_6.39_Fok_114532.xisf,LIGHT,1x1,600.00,910,99,LDN 1320,Skywatcher quattro 200p,-9.90,LPRO,0103
2026-07-16_2026-07-17,data\sessions\2026\07\2026-07-16_2026-07-17\raw\nina\20260715-154048-3.2.0.9001.6864-202607.log,489,2026-07-15T23:28:28.6191,D:\Images NINA\Target\LIGHT_1x1_600.00s_910_99_LDN 1320_Skywatcher quattro 200p__-9.90C_LPRO_0104_2026-07-15_23-18-12_FWHM_6.49_Fok_114532.xisf,LIGHT_1x1_600.00s_910_99_LDN 1320_Skywatcher quattro 200p__-9.90C_LPRO_0104_2026-07-15_23-18-12_FWHM_6.49_Fok_114532.xisf,LIGHT,1x1,600.00,910,99,LDN 1320,Skywatcher quattro 200p,-9.90,LPRO,0104
2026-07-16_2026-07-17,data\sessions\2026\07\2026-07-16_2026-07-17\raw\nina\20260715-154048-3.2.0.9001.6864-202607.log,510,2026-07-15T23:38:52.3228,D:\Images NINA\Target\LIGHT_1x1_600.00s_910_99_LDN 1320_Skywatcher quattro 200p__-10.00C_LPRO_0105_2026-07-15_23-28-38_FWHM_6.48_Fok_114532.xisf,LIGHT_1x1_600.00s_910_99_LDN 1320_Skywatcher quattro 200p__-10.00C_LPRO_0105_2026-07-15_23-28-38_FWHM_6.48_Fok_114532.xisf,LIGHT,1x1,600.00,910,99,LDN 1320,Skywatcher quattro 200p,-10.00,LPRO,0105
2026-07-16_2026-07-17,data\sessions\2026\07\2026-07-16_2026-07-17\raw\nina\20260715-154048-3.2.0.9001.6864-202607.log,579,2026-07-15T23:52:17.8371,D:\Images NINA\Target\LIGHT_1x1_600.00s_910_99_LDN 1320_Skywatcher quattro 200p__-10.00C_LPRO_0106_2026-07-15_23-42-02_FWHM_7.85_Fok_115741.xisf,LIGHT_1x1_600.00s_910_99_LDN 1320_Skywatcher quattro 200p__-10.00C_LPRO_0106_2026-07-15_23-42-02_FWHM_7.85_Fok_115741.xisf,LIGHT,1x1,600.00,910,99,LDN 1320,Skywatcher quattro 200p,-10.00,LPRO,0106
2026-07-16_2026-07-17,data\sessions\2026\07\2026-07-16_2026-07-17\raw\nina\20260715-154048-3.2.0.9001.6864-202607.log,600,2026-07-16T00:02:43.1451,D:\Images NINA\Target\LIGHT_1x1_600.00s_910_99_LDN 1320_Skywatcher quattro 200p__-9.90C_LPRO_0107_2026-07-15_23-52-28_FWHM_7.51_Fok_115741.xisf,LIGHT_1x1_600.00s_910_99_LDN 1320_Skywatcher quattro 200p__-9.90C_LPRO_0107_2026-07-15_23-52-28_FWHM_7.51_Fok_115741.xisf,LIGHT,1x1,600.00,910,99,LDN 1320,Skywatcher quattro 200p,-9.90,LPRO,0107
2026-07-16_2026-07-17,data\sessions\2026\07\2026-07-16_2026-07-17\raw\nina\20260715-154048-3.2.0.9001.6864-202607.log,621,2026-07-16T00:13:06.5713,D:\Images NINA\Target\LIGHT_1x1_600.00s_910_99_LDN 1320_Skywatcher quattro 200p__-9.90C_LPRO_0108_2026-07-16_00-02-51_FWHM_6.73_Fok_115741.xisf,LIGHT_1x1_600.00s_910_99_LDN 1320_Skywatcher quattro 200p__-9.90C_LPRO_0108_2026-07-16_00-02-51_FWHM_6.73_Fok_115741.xisf,LIGHT,1x1,600.00,910,99,LDN 1320,Skywatcher quattro 200p,-9.90,LPRO,0108
2026-07-16_2026-07-17,data\sessions\2026\07\2026-07-16_2026-07-17\raw\nina\20260715-154048-3.2.0.9001.6864-202607.log,646,2026-07-16T00:23:28.9434,D:\Images NINA\Target\LIGHT_1x1_600.00s_910_99_LDN 1320_Skywatcher quattro 200p__-9.90C_LPRO_0109_2026-07-16_00-13-14_FWHM_6.74_Fok_115741.xisf,LIGHT_1x1_600.00s_910_99_LDN 1320_Skywatcher quattro 200p__-9.90C_LPRO_0109_2026-07-16_00-13-14_FWHM_6.74_Fok_115741.xisf,LIGHT,1x1,600.00,910,99,LDN 1320,Skywatcher quattro 200p,-9.90,LPRO,0109
2026-07-16_2026-07-17,data\sessions\2026\07\2026-07-16_2026-07-17\raw\nina\20260715-154048-3.2.0.9001.6864-202607.log,667,2026-07-16T00:33:56.2016,D:\Images NINA\Target\LIGHT_1x1_600.00s_910_99_LDN 1320_Skywatcher quattro 200p__-9.90C_LPRO_0110_2026-07-16_00-23-42_FWHM_6.34_Fok_115741.xisf,LIGHT_1x1_600.00s_910_99_LDN 1320_Skywatcher quattro 200p__-9.90C_LPRO_0110_2026-07-16_00-23-42_FWHM_6.34_Fok_115741.xisf,LIGHT,1x1,600.00,910,99,LDN 1320,Skywatcher quattro 200p,-9.90,LPRO,0110
2026-07-16_2026-07-17,data\sessions\2026\07\2026-07-16_2026-07-17\raw\nina\20260715-154048-3.2.0.9001.6864-202607.log,688,2026-07-16T00:44:22.9967,D:\Images NINA\Target\LIGHT_1x1_600.00s_910_99_LDN 1320_Skywatcher quattro 200p__-10.00C_LPRO_0111_2026-07-16_00-34-08_FWHM_6.27_Fok_115741.xisf,LIGHT_1x1_600.00s_910_99_LDN 1320_Skywatcher quattro 200p__-10.00C_LPRO_0111_2026-07-16_00-34-08_FWHM_6.27_Fok_115741.xisf,LIGHT,1x1,600.00,910,99,LDN 1320,Skywatcher quattro 200p,-10.00,LPRO,0111
2026-07-16_2026-07-17,data\sessions\2026\07\2026-07-16_2026-07-17\raw\nina\20260715-154048-3.2.0.9001.6864-202607.log,713,2026-07-16T00:55:00.3022,D:\Images NINA\Target\LIGHT_1x1_600.00s_910_99_LDN 1320_Skywatcher quattro 200p__-10.00C_LPRO_0112_2026-07-16_00-44-45_FWHM_6.52_Fok_115741.xisf,LIGHT_1x1_600.00s_910_99_LDN 1320_Skywatcher quattro 200p__-10.00C_LPRO_0112_2026-07-16_00-44-45_FWHM_6.52_Fok_115741.xisf,LIGHT,1x1,600.00,910,99,LDN 1320,Skywatcher quattro 200p,-10.00,LPRO,0112
2026-07-16_2026-07-17,data\sessions\2026\07\2026-07-16_2026-07-17\raw\nina\20260715-154048-3.2.0.9001.6864-202607.log,734,2026-07-16T01:05:26.5395,D:\Images NINA\Target\LIGHT_1x1_600.00s_910_99_LDN 1320_Skywatcher quattro 200p__-9.90C_LPRO_0113_2026-07-16_00-55-11_FWHM_6.58_Fok_115741.xisf,LIGHT_1x1_600.00s_910_99_LDN 1320_Skywatcher quattro 200p__-9.90C_LPRO_0113_2026-07-16_00-55-11_FWHM_6.58_Fok_115741.xisf,LIGHT,1x1,600.00,910,99,LDN 1320,Skywatcher quattro 200p,-9.90,LPRO,0113
2026-07-16_2026-07-17,data\sessions\2026\07\2026-07-16_2026-07-17\raw\nina\20260715-154048-3.2.0.9001.6864-202607.log,769,2026-07-16T01:16:07.0799,D:\Images NINA\Target\LIGHT_1x1_600.00s_910_99_LDN 1320_Skywatcher quattro 200p__-9.90C_LPRO_0114_2026-07-16_01-05-53_FWHM_7.82_Fok_115741.xisf,LIGHT_1x1_600.00s_910_99_LDN 1320_Skywatcher quattro 200p__-9.90C_LPRO_0114_2026-07-16_01-05-53_FWHM_7.82_Fok_115741.xisf,LIGHT,1x1,600.00,910,99,LDN 1320,Skywatcher quattro 200p,-9.90,LPRO,0114
2026-07-16_2026-07-17,data\sessions\2026\07\2026-07-16_2026-07-17\raw\nina\20260715-154048-3.2.0.9001.6864-202607.log,795,2026-07-16T01:26:40.1691,D:\Images NINA\Target\LIGHT_1x1_600.00s_910_99_LDN 1320_Skywatcher quattro 200p__-10.00C_LPRO_0115_2026-07-16_01-16-23_FWHM_7.03_Fok_115741.xisf,LIGHT_1x1_600.00s_910_99_LDN 1320_Skywatcher quattro 200p__-10.00C_LPRO_0115_2026-07-16_01-16-23_FWHM_7.03_Fok_115741.xisf,LIGHT,1x1,600.00,910,99,LDN 1320,Skywatcher quattro 200p,-10.00,LPRO,0115
2026-07-16_2026-07-17,data\sessions\2026\07\2026-07-16_2026-07-17\raw\nina\20260715-154048-3.2.0.9001.6864-202607.log,816,2026-07-16T01:36:56.8466,D:\Images NINA\Target\LIGHT_1x1_600.00s_910_99_LDN 1320_Skywatcher quattro 200p__-9.90C_LPRO_0116_2026-07-16_01-26-42_FWHM_6.76_Fok_115741.xisf,LIGHT_1x1_600.00s_910_99_LDN 1320_Skywatcher quattro 200p__-9.90C_LPRO_0116_2026-07-16_01-26-42_FWHM_6.76_Fok_115741.xisf,LIGHT,1x1,600.00,910,99,LDN 1320,Skywatcher quattro 200p,-9.90,LPRO,0116
2026-07-16_2026-07-17,data\sessions\2026\07\2026-07-16_2026-07-17\raw\nina\20260715-154048-3.2.0.9001.6864-202607.log,837,2026-07-16T01:47:26.4287,D:\Images NINA\Target\LIGHT_1x1_600.00s_910_99_LDN 1320_Skywatcher quattro 200p__-9.90C_LPRO_0117_2026-07-16_01-37-10_FWHM_6.55_Fok_115741.xisf,LIGHT_1x1_600.00s_910_99_LDN 1320_Skywatcher quattro 200p__-9.90C_LPRO_0117_2026-07-16_01-37-10_FWHM_6.55_Fok_115741.xisf,LIGHT,1x1,600.00,910,99,LDN 1320,Skywatcher quattro 200p,-9.90,LPRO,0117
2026-07-16_2026-07-17,data\sessions\2026\07\2026-07-16_2026-07-17\raw\nina\20260715-154048-3.2.0.9001.6864-202607.log,862,2026-07-16T01:57:44.6110,D:\Images NINA\Target\LIGHT_1x1_600.00s_910_99_LDN 1320_Skywatcher quattro 200p__-9.90C_LPRO_0118_2026-07-16_01-47-28_FWHM_6.64_Fok_115741.xisf,LIGHT_1x1_600.00s_910_99_LDN 1320_Skywatcher quattro 200p__-9.90C_LPRO_0118_2026-07-16_01-47-28_FWHM_6.64_Fok_115741.xisf,LIGHT,1x1,600.00,910,99,LDN 1320,Skywatcher quattro 200p,-9.90,LPRO,0118
2026-07-16_2026-07-17,data\sessions\2026\07\2026-07-16_2026-07-17\raw\nina\20260715-154048-3.2.0.9001.6864-202607.log,900,2026-07-16T02:09:47.0460,D:\Images NINA\Target\LIGHT_1x1_600.00s_910_99_LDN 1320_Skywatcher quattro 200p__-9.90C_LPRO_0119_2026-07-16_01-59-32_FWHM_7.13_Fok_115741.xisf,LIGHT_1x1_600.00s_910_99_LDN 1320_Skywatcher quattro 200p__-9.90C_LPRO_0119_2026-07-16_01-59-32_FWHM_7.13_Fok_115741.xisf,LIGHT,1x1,600.00,910,99,LDN 1320,Skywatcher quattro 200p,-9.90,LPRO,0119
2026-07-16_2026-07-17,data\sessions\2026\07\2026-07-16_2026-07-17\raw\nina\20260715-154048-3.2.0.9001.6864-202607.log,921,2026-07-16T02:20:15.5487,D:\Images NINA\Target\LIGHT_1x1_600.00s_910_99_LDN 1320_Skywatcher quattro 200p__-10.00C_LPRO_0120_2026-07-16_02-10-00_FWHM_7.00_Fok_115741.xisf,LIGHT_1x1_600.00s_910_99_LDN 1320_Skywatcher quattro 200p__-10.00C_LPRO_0120_2026-07-16_02-10-00_FWHM_7.00_Fok_115741.xisf,LIGHT,1x1,600.00,910,99,LDN 1320,Skywatcher quattro 200p,-10.00,LPRO,0120
2026-07-16_2026-07-17,data\sessions\2026\07\2026-07-16_2026-07-17\raw\nina\20260715-154048-3.2.0.9001.6864-202607.log,946,2026-07-16T02:30:34.1920,D:\Images NINA\Target\LIGHT_1x1_600.00s_910_99_LDN 1320_Skywatcher quattro 200p__-9.90C_LPRO_0121_2026-07-16_02-20-18_FWHM_6.49_Fok_115741.xisf,LIGHT_1x1_600.00s_910_99_LDN 1320_Skywatcher quattro 200p__-9.90C_LPRO_0121_2026-07-16_02-20-18_FWHM_6.49_Fok_115741.xisf,LIGHT,1x1,600.00,910,99,LDN 1320,Skywatcher quattro 200p,-9.90,LPRO,0121
2026-07-16_2026-07-17,data\sessions\2026\07\2026-07-16_2026-07-17\raw\nina\20260715-154048-3.2.0.9001.6864-202607.log,967,2026-07-16T02:41:08.5958,D:\Images NINA\Target\LIGHT_1x1_600.00s_910_99_LDN 1320_Skywatcher quattro 200p__-9.90C_LPRO_0122_2026-07-16_02-30-54_FWHM_6.71_Fok_115741.xisf,LIGHT_1x1_600.00s_910_99_LDN 1320_Skywatcher quattro 200p__-9.90C_LPRO_0122_2026-07-16_02-30-54_FWHM_6.71_Fok_115741.xisf,LIGHT,1x1,600.00,910,99,LDN 1320,Skywatcher quattro 200p,-9.90,LPRO,0122
2026-07-16_2026-07-17,data\sessions\2026\07\2026-07-16_2026-07-17\raw\nina\20260715-154048-3.2.0.9001.6864-202607.log,988,2026-07-16T02:51:47.3061,D:\Images NINA\Target\LIGHT_1x1_600.00s_910_99_LDN 1320_Skywatcher quattro 200p__-9.90C_LPRO_0123_2026-07-16_02-41-32_FWHM_6.05_Fok_115741.xisf,LIGHT_1x1_600.00s_910_99_LDN 1320_Skywatcher quattro 200p__-9.90C_LPRO_0123_2026-07-16_02-41-32_FWHM_6.05_Fok_115741.xisf,LIGHT,1x1,600.00,910,99,LDN 1320,Skywatcher quattro 200p,-9.90,LPRO,0123
2026-07-16_2026-07-17,data\sessions\2026\07\2026-07-16_2026-07-17\raw\nina\20260715-154048-3.2.0.9001.6864-202607.log,1013,2026-07-16T03:02:06.5612,D:\Images NINA\Target\LIGHT_1x1_600.00s_910_99_LDN 1320_Skywatcher quattro 200p__-9.90C_LPRO_0124_2026-07-16_02-51-50_FWHM_6.18_Fok_115741.xisf,LIGHT_1x1_600.00s_910_99_LDN 1320_Skywatcher quattro 200p__-9.90C_LPRO_0124_2026-07-16_02-51-50_FWHM_6.18_Fok_115741.xisf,LIGHT,1x1,600.00,910,99,LDN 1320,Skywatcher quattro 200p,-9.90,LPRO,0124
2026-07-16_2026-07-17,data\sessions\2026\07\2026-07-16_2026-07-17\raw\nina\20260715-154048-3.2.0.9001.6864-202607.log,1034,2026-07-16T03:12:22.0754,D:\Images NINA\Target\LIGHT_1x1_600.00s_910_99_LDN 1320_Skywatcher quattro 200p__-10.00C_LPRO_0125_2026-07-16_03-02-06_FWHM_6.31_Fok_115741.xisf,LIGHT_1x1_600.00s_910_99_LDN 1320_Skywatcher quattro 200p__-10.00C_LPRO_0125_2026-07-16_03-02-06_FWHM_6.31_Fok_115741.xisf,LIGHT,1x1,600.00,910,99,LDN 1320,Skywatcher quattro 200p,-10.00,LPRO,0125
2026-07-16_2026-07-17,data\sessions\2026\07\2026-07-16_2026-07-17\raw\nina\20260715-154048-3.2.0.9001.6864-202607.log,1064,2026-07-16T03:22:51.3713,D:\Images NINA\Target\LIGHT_1x1_600.00s_910_99_LDN 1320_Skywatcher quattro 200p__-10.00C_LPRO_0126_2026-07-16_03-12-37_FWHM_6.56_Fok_115741.xisf,LIGHT_1x1_600.00s_910_99_LDN 1320_Skywatcher quattro 200p__-10.00C_LPRO_0126_2026-07-16_03-12-37_FWHM_6.56_Fok_115741.xisf,LIGHT,1x1,600.00,910,99,LDN 1320,Skywatcher quattro 200p,-10.00,LPRO,0126
2026-07-16_2026-07-17,data\sessions\2026\07\2026-07-16_2026-07-17\raw\nina\20260715-154048-3.2.0.9001.6864-202607.log,1114,2026-07-16T03:39:49.5347,D:\Images NINA\Target\LIGHT_1x1_600.00s_910_99_LDN 1320_Skywatcher quattro 200p__-10.00C_LPRO_0127_2026-07-16_03-29-35_FWHM_5.97_Fok_115741.xisf,LIGHT_1x1_600.00s_910_99_LDN 1320_Skywatcher quattro 200p__-10.00C_LPRO_0127_2026-07-16_03-29-35_FWHM_5.97_Fok_115741.xisf,LIGHT,1x1,600.00,910,99,LDN 1320,Skywatcher quattro 200p,-10.00,LPRO,0127
2026-07-16_2026-07-17,data\sessions\2026\07\2026-07-16_2026-07-17\raw\nina\20260715-154048-3.2.0.9001.6864-202607.log,1139,2026-07-16T03:50:33.1806,D:\Images NINA\Target\LIGHT_1x1_600.00s_910_99_LDN 1320_Skywatcher quattro 200p__-9.90C_LPRO_0128_2026-07-16_03-40-17_FWHM_5.91_Fok_115741.xisf,LIGHT_1x1_600.00s_910_99_LDN 1320_Skywatcher quattro 200p__-9.90C_LPRO_0128_2026-07-16_03-40-17_FWHM_5.91_Fok_115741.xisf,LIGHT,1x1,600.00,910,99,LDN 1320,Skywatcher quattro 200p,-9.90,LPRO,0128
2026-07-16_2026-07-17,data\sessions\2026\07\2026-07-16_2026-07-17\raw\nina\20260715-154048-3.2.0.9001.6864-202607.log,1160,2026-07-16T04:00:49.8828,D:\Images NINA\Target\LIGHT_1x1_600.00s_910_99_LDN 1320_Skywatcher quattro 200p__-9.90C_LPRO_0129_2026-07-16_03-50-35_FWHM_5.86_Fok_115741.xisf,LIGHT_1x1_600.00s_910_99_LDN 1320_Skywatcher quattro 200p__-9.90C_LPRO_0129_2026-07-16_03-50-35_FWHM_5.86_Fok_115741.xisf,LIGHT,1x1,600.00,910,99,LDN 1320,Skywatcher quattro 200p,-9.90,LPRO,0129
2026-07-16_2026-07-17,data\sessions\2026\07\2026-07-16_2026-07-17\raw\nina\20260715-154048-3.2.0.9001.6864-202607.log,1181,2026-07-16T04:11:11.7422,D:\Images NINA\Target\LIGHT_1x1_600.00s_910_99_LDN 1320_Skywatcher quattro 200p__-9.90C_LPRO_0130_2026-07-16_04-00-57_FWHM_5.88_Fok_115741.xisf,LIGHT_1x1_600.00s_910_99_LDN 1320_Skywatcher quattro 200p__-9.90C_LPRO_0130_2026-07-16_04-00-57_FWHM_5.88_Fok_115741.xisf,LIGHT,1x1,600.00,910,99,LDN 1320,Skywatcher quattro 200p,-9.90,LPRO,0130
2026-07-16_2026-07-17,data\sessions\2026\07\2026-07-16_2026-07-17\raw\nina\20260715-154048-3.2.0.9001.6864-202607.log,1206,2026-07-16T04:21:39.0558,D:\Images NINA\Target\LIGHT_1x1_600.00s_910_99_LDN 1320_Skywatcher quattro 200p__-9.90C_LPRO_0131_2026-07-16_04-11-23_FWHM_6.08_Fok_115741.xisf,LIGHT_1x1_600.00s_910_99_LDN 1320_Skywatcher quattro 200p__-9.90C_LPRO_0131_2026-07-16_04-11-23_FWHM_6.08_Fok_115741.xisf,LIGHT,1x1,600.00,910,99,LDN 1320,Skywatcher quattro 200p,-9.90,LPRO,0131
2026-07-16_2026-07-17,data\sessions\2026\07\2026-07-16_2026-07-17\raw\nina\20260715-154048-3.2.0.9001.6864-202607.log,1279,2026-07-16T04:31:55.7598,D:\Images NINA\Target\LIGHT_1x1_600.00s_910_99_LDN 1320_Skywatcher quattro 200p__-10.00C_LPRO_0132_2026-07-16_04-21-42_FWHM_6.02_Fok_115741.xisf,LIGHT_1x1_600.00s_910_99_LDN 1320_Skywatcher quattro 200p__-10.00C_LPRO_0132_2026-07-16_04-21-42_FWHM_6.02_Fok_115741.xisf,LIGHT,1x1,600.00,910,99,LDN 1320,Skywatcher quattro 200p,-10.00,LPRO,0132
2026-07-16_2026-07-17,data\sessions\2026\07\2026-07-16_2026-07-17\raw\nina\20260716-164709-3.2.0.9001.8236-202607.log,779,2026-07-16T23:07:09.7551,D:\Images NINA\Target\LIGHT_1x1_600.00s_910_99_LDN 1320_Skywatcher quattro 200p__-9.40C_LPRO_0133_2026-07-16_22-56-53_FWHM_6.37_Fok_115507.xisf,LIGHT_1x1_600.00s_910_99_LDN 1320_Skywatcher quattro 200p__-9.40C_LPRO_0133_2026-07-16_22-56-53_FWHM_6.37_Fok_115507.xisf,LIGHT,1x1,600.00,910,99,LDN 1320,Skywatcher quattro 200p,-9.40,LPRO,0133
2026-07-16_2026-07-17,data\sessions\2026\07\2026-07-16_2026-07-17\raw\nina\20260716-164709-3.2.0.9001.8236-202607.log,802,2026-07-16T23:17:53.4231,D:\Images NINA\Target\LIGHT_1x1_600.00s_910_99_LDN 1320_Skywatcher quattro 200p__-9.50C_LPRO_0134_2026-07-16_23-07-39_FWHM_6.37_Fok_115507.xisf,LIGHT_1x1_600.00s_910_99_LDN 1320_Skywatcher quattro 200p__-9.50C_LPRO_0134_2026-07-16_23-07-39_FWHM_6.37_Fok_115507.xisf,LIGHT,1x1,600.00,910,99,LDN 1320,Skywatcher quattro 200p,-9.50,LPRO,0134
2026-07-16_2026-07-17,data\sessions\2026\07\2026-07-16_2026-07-17\raw\nina\20260716-164709-3.2.0.9001.8236-202607.log,828,2026-07-16T23:28:26.5706,D:\Images NINA\Target\LIGHT_1x1_600.00s_910_99_LDN 1320_Skywatcher quattro 200p__-9.60C_LPRO_0135_2026-07-16_23-18-11_FWHM_6.32_Fok_115507.xisf,LIGHT_1x1_600.00s_910_99_LDN 1320_Skywatcher quattro 200p__-9.60C_LPRO_0135_2026-07-16_23-18-11_FWHM_6.32_Fok_115507.xisf,LIGHT,1x1,600.00,910,99,LDN 1320,Skywatcher quattro 200p,-9.60,LPRO,0135
2026-07-16_2026-07-17,data\sessions\2026\07\2026-07-16_2026-07-17\raw\nina\20260716-164709-3.2.0.9001.8236-202607.log,849,2026-07-16T23:38:43.2403,D:\Images NINA\Target\LIGHT_1x1_600.00s_910_99_LDN 1320_Skywatcher quattro 200p__-9.80C_LPRO_0136_2026-07-16_23-28-28_FWHM_6.12_Fok_115507.xisf,LIGHT_1x1_600.00s_910_99_LDN 1320_Skywatcher quattro 200p__-9.80C_LPRO_0136_2026-07-16_23-28-28_FWHM_6.12_Fok_115507.xisf,LIGHT,1x1,600.00,910,99,LDN 1320,Skywatcher quattro 200p,-9.80,LPRO,0136
2026-07-16_2026-07-17,data\sessions\2026\07\2026-07-16_2026-07-17\raw\nina\20260716-164709-3.2.0.9001.8236-202607.log,870,2026-07-16T23:49:09.0295,D:\Images NINA\Target\LIGHT_1x1_600.00s_910_99_LDN 1320_Skywatcher quattro 200p__-9.60C_LPRO_0137_2026-07-16_23-38-54_FWHM_6.51_Fok_115507.xisf,LIGHT_1x1_600.00s_910_99_LDN 1320_Skywatcher quattro 200p__-9.60C_LPRO_0137_2026-07-16_23-38-54_FWHM_6.51_Fok_115507.xisf,LIGHT,1x1,600.00,910,99,LDN 1320,Skywatcher quattro 200p,-9.60,LPRO,0137
2026-07-16_2026-07-17,data\sessions\2026\07\2026-07-16_2026-07-17\raw\nina\20260716-164709-3.2.0.9001.8236-202607.log,895,2026-07-16T23:59:45.6168,D:\Images NINA\Target\LIGHT_1x1_600.00s_910_99_LDN 1320_Skywatcher quattro 200p__-9.30C_LPRO_0138_2026-07-16_23-49-29_FWHM_6.37_Fok_115507.xisf,LIGHT_1x1_600.00s_910_99_LDN 1320_Skywatcher quattro 200p__-9.30C_LPRO_0138_2026-07-16_23-49-29_FWHM_6.37_Fok_115507.xisf,LIGHT,1x1,600.00,910,99,LDN 1320,Skywatcher quattro 200p,-9.30,LPRO,0138
2026-07-16_2026-07-17,data\sessions\2026\07\2026-07-16_2026-07-17\raw\nina\20260716-164709-3.2.0.9001.8236-202607.log,916,2026-07-17T00:10:10.5849,D:\Images NINA\Target\LIGHT_1x1_600.00s_910_99_LDN 1320_Skywatcher quattro 200p__-9.50C_LPRO_0139_2026-07-16_23-59-55_FWHM_6.15_Fok_115507.xisf,LIGHT_1x1_600.00s_910_99_LDN 1320_Skywatcher quattro 200p__-9.50C_LPRO_0139_2026-07-16_23-59-55_FWHM_6.15_Fok_115507.xisf,LIGHT,1x1,600.00,910,99,LDN 1320,Skywatcher quattro 200p,-9.50,LPRO,0139
2026-07-16_2026-07-17,data\sessions\2026\07\2026-07-16_2026-07-17\raw\nina\20260716-164709-3.2.0.9001.8236-202607.log,937,2026-07-17T00:20:33.7703,D:\Images NINA\Target\LIGHT_1x1_600.00s_910_99_LDN 1320_Skywatcher quattro 200p__-9.60C_LPRO_0140_2026-07-17_00-10-19_FWHM_6.43_Fok_115507.xisf,LIGHT_1x1_600.00s_910_99_LDN 1320_Skywatcher quattro 200p__-9.60C_LPRO_0140_2026-07-17_00-10-19_FWHM_6.43_Fok_115507.xisf,LIGHT,1x1,600.00,910,99,LDN 1320,Skywatcher quattro 200p,-9.60,LPRO,0140
2026-07-16_2026-07-17,data\sessions\2026\07\2026-07-16_2026-07-17\raw\nina\20260716-164709-3.2.0.9001.8236-202607.log,962,2026-07-17T00:30:57.6639,D:\Images NINA\Target\LIGHT_1x1_600.00s_910_99_LDN 1320_Skywatcher quattro 200p__-10.00C_LPRO_0141_2026-07-17_00-20-41_FWHM_6.90_Fok_115507.xisf,LIGHT_1x1_600.00s_910_99_LDN 1320_Skywatcher quattro 200p__-10.00C_LPRO_0141_2026-07-17_00-20-41_FWHM_6.90_Fok_115507.xisf,LIGHT,1x1,600.00,910,99,LDN 1320,Skywatcher quattro 200p,-10.00,LPRO,0141
2026-07-16_2026-07-17,data\sessions\2026\07\2026-07-16_2026-07-17\raw\nina\20260716-164709-3.2.0.9001.8236-202607.log,983,2026-07-17T00:41:29.2757,D:\Images NINA\Target\LIGHT_1x1_600.00s_910_99_LDN 1320_Skywatcher quattro 200p__-9.80C_LPRO_0142_2026-07-17_00-31-14_FWHM_6.53_Fok_115507.xisf,LIGHT_1x1_600.00s_910_99_LDN 1320_Skywatcher quattro 200p__-9.80C_LPRO_0142_2026-07-17_00-31-14_FWHM_6.53_Fok_115507.xisf,LIGHT,1x1,600.00,910,99,LDN 1320,Skywatcher quattro 200p,-9.80,LPRO,0142
2026-07-16_2026-07-17,data\sessions\2026\07\2026-07-16_2026-07-17\raw\nina\20260716-164709-3.2.0.9001.8236-202607.log,1004,2026-07-17T00:52:05.6845,D:\Images NINA\Target\LIGHT_1x1_600.00s_910_99_LDN 1320_Skywatcher quattro 200p__-9.30C_LPRO_0143_2026-07-17_00-41-44_FWHM_6.31_Fok_115507.xisf,LIGHT_1x1_600.00s_910_99_LDN 1320_Skywatcher quattro 200p__-9.30C_LPRO_0143_2026-07-17_00-41-44_FWHM_6.31_Fok_115507.xisf,LIGHT,1x1,600.00,910,99,LDN 1320,Skywatcher quattro 200p,-9.30,LPRO,0143
2026-07-16_2026-07-17,data\sessions\2026\07\2026-07-16_2026-07-17\raw\nina\20260716-164709-3.2.0.9001.8236-202607.log,1029,2026-07-17T01:02:41.9025,D:\Images NINA\Target\LIGHT_1x1_600.00s_910_99_LDN 1320_Skywatcher quattro 200p__-9.30C_LPRO_0144_2026-07-17_00-52-25_FWHM_6.75_Fok_115507.xisf,LIGHT_1x1_600.00s_910_99_LDN 1320_Skywatcher quattro 200p__-9.30C_LPRO_0144_2026-07-17_00-52-25_FWHM_6.75_Fok_115507.xisf,LIGHT,1x1,600.00,910,99,LDN 1320,Skywatcher quattro 200p,-9.30,LPRO,0144
2026-07-16_2026-07-17,data\sessions\2026\07\2026-07-16_2026-07-17\raw\nina\20260716-164709-3.2.0.9001.8236-202607.log,1050,2026-07-17T01:13:13.9723,D:\Images NINA\Target\LIGHT_1x1_600.00s_910_99_LDN 1320_Skywatcher quattro 200p__-9.60C_LPRO_0145_2026-07-17_01-02-59_FWHM_6.40_Fok_115507.xisf,LIGHT_1x1_600.00s_910_99_LDN 1320_Skywatcher quattro 200p__-9.60C_LPRO_0145_2026-07-17_01-02-59_FWHM_6.40_Fok_115507.xisf,LIGHT,1x1,600.00,910,99,LDN 1320,Skywatcher quattro 200p,-9.60,LPRO,0145
2026-07-16_2026-07-17,data\sessions\2026\07\2026-07-16_2026-07-17\raw\nina\20260716-164709-3.2.0.9001.8236-202607.log,1082,2026-07-17T01:23:54.6615,D:\Images NINA\Target\LIGHT_1x1_600.00s_910_99_LDN 1320_Skywatcher quattro 200p__-9.90C_LPRO_0146_2026-07-17_01-13-38_FWHM_6.41_Fok_115507.xisf,LIGHT_1x1_600.00s_910_99_LDN 1320_Skywatcher quattro 200p__-9.90C_LPRO_0146_2026-07-17_01-13-38_FWHM_6.41_Fok_115507.xisf,LIGHT,1x1,600.00,910,99,LDN 1320,Skywatcher quattro 200p,-9.90,LPRO,0146
2026-07-16_2026-07-17,data\sessions\2026\07\2026-07-16_2026-07-17\raw\nina\20260716-164709-3.2.0.9001.8236-202607.log,1096,2026-07-17T01:34:08.8265,D:\Images NINA\Target\LIGHT_1x1_600.00s_910_99_LDN 1320_Skywatcher quattro 200p__-9.90C_LPRO_0147_2026-07-17_01-23-51_FWHM_6.28_Fok_115507.xisf,LIGHT_1x1_600.00s_910_99_LDN 1320_Skywatcher quattro 200p__-9.90C_LPRO_0147_2026-07-17_01-23-51_FWHM_6.28_Fok_115507.xisf,LIGHT,1x1,600.00,910,99,LDN 1320,Skywatcher quattro 200p,-9.90,LPRO,0147
2026-07-16_2026-07-17,data\sessions\2026\07\2026-07-16_2026-07-17\raw\nina\20260716-164709-3.2.0.9001.8236-202607.log,1134,2026-07-17T01:45:53.0112,D:\Images NINA\Target\LIGHT_1x1_600.00s_910_99_LDN 1320_Skywatcher quattro 200p__-10.00C_LPRO_0148_2026-07-17_01-35-37_FWHM_6.85_Fok_115507.xisf,LIGHT_1x1_600.00s_910_99_LDN 1320_Skywatcher quattro 200p__-10.00C_LPRO_0148_2026-07-17_01-35-37_FWHM_6.85_Fok_115507.xisf,LIGHT,1x1,600.00,910,99,LDN 1320,Skywatcher quattro 200p,-10.00,LPRO,0148
2026-07-16_2026-07-17,data\sessions\2026\07\2026-07-16_2026-07-17\raw\nina\20260716-164709-3.2.0.9001.8236-202607.log,1155,2026-07-17T01:56:24.9441,D:\Images NINA\Target\LIGHT_1x1_600.00s_910_99_LDN 1320_Skywatcher quattro 200p__-10.00C_LPRO_0149_2026-07-17_01-46-09_FWHM_6.60_Fok_115507.xisf,LIGHT_1x1_600.00s_910_99_LDN 1320_Skywatcher quattro 200p__-10.00C_LPRO_0149_2026-07-17_01-46-09_FWHM_6.60_Fok_115507.xisf,LIGHT,1x1,600.00,910,99,LDN 1320,Skywatcher quattro 200p,-10.00,LPRO,0149
2026-07-16_2026-07-17,data\sessions\2026\07\2026-07-16_2026-07-17\raw\nina\20260716-164709-3.2.0.9001.8236-202607.log,1180,2026-07-17T02:06:41.4569,D:\Images NINA\Target\LIGHT_1x1_600.00s_910_99_LDN 1320_Skywatcher quattro 200p__-9.90C_LPRO_0150_2026-07-17_01-56-25_FWHM_6.35_Fok_115507.xisf,LIGHT_1x1_600.00s_910_99_LDN 1320_Skywatcher quattro 200p__-9.90C_LPRO_0150_2026-07-17_01-56-25_FWHM_6.35_Fok_115507.xisf,LIGHT,1x1,600.00,910,99,LDN 1320,Skywatcher quattro 200p,-9.90,LPRO,0150
2026-07-16_2026-07-17,data\sessions\2026\07\2026-07-16_2026-07-17\raw\nina\20260716-164709-3.2.0.9001.8236-202607.log,1201,2026-07-17T02:17:21.0595,D:\Images NINA\Target\LIGHT_1x1_600.00s_910_99_LDN 1320_Skywatcher quattro 200p__-9.90C_LPRO_0151_2026-07-17_02-07-06_FWHM_6.64_Fok_115507.xisf,LIGHT_1x1_600.00s_910_99_LDN 1320_Skywatcher quattro 200p__-9.90C_LPRO_0151_2026-07-17_02-07-06_FWHM_6.64_Fok_115507.xisf,LIGHT,1x1,600.00,910,99,LDN 1320,Skywatcher quattro 200p,-9.90,LPRO,0151
2026-07-16_2026-07-17,data\sessions\2026\07\2026-07-16_2026-07-17\raw\nina\20260716-164709-3.2.0.9001.8236-202607.log,1222,2026-07-17T02:27:50.6761,D:\Images NINA\Target\LIGHT_1x1_600.00s_910_99_LDN 1320_Skywatcher quattro 200p__-9.90C_LPRO_0152_2026-07-17_02-17-35_FWHM_6.92_Fok_115507.xisf,LIGHT_1x1_600.00s_910_99_LDN 1320_Skywatcher quattro 200p__-9.90C_LPRO_0152_2026-07-17_02-17-35_FWHM_6.92_Fok_115507.xisf,LIGHT,1x1,600.00,910,99,LDN 1320,Skywatcher quattro 200p,-9.90,LPRO,0152
2026-07-16_2026-07-17,data\sessions\2026\07\2026-07-16_2026-07-17\raw\nina\20260716-164709-3.2.0.9001.8236-202607.log,1292,2026-07-17T02:41:16.6727,D:\Images NINA\Target\LIGHT_1x1_600.00s_910_99_LDN 1320_Skywatcher quattro 200p__-9.90C_LPRO_0153_2026-07-17_02-30-59_FWHM_6.44_Fok_116189.xisf,LIGHT_1x1_600.00s_910_99_LDN 1320_Skywatcher quattro 200p__-9.90C_LPRO_0153_2026-07-17_02-30-59_FWHM_6.44_Fok_116189.xisf,LIGHT,1x1,600.00,910,99,LDN 1320,Skywatcher quattro 200p,-9.90,LPRO,0153
2026-07-16_2026-07-17,data\sessions\2026\07\2026-07-16_2026-07-17\raw\nina\20260716-164709-3.2.0.9001.8236-202607.log,1313,2026-07-17T02:51:48.3397,D:\Images NINA\Target\LIGHT_1x1_600.00s_910_99_LDN 1320_Skywatcher quattro 200p__-9.90C_LPRO_0154_2026-07-17_02-41-32_FWHM_6.25_Fok_116189.xisf,LIGHT_1x1_600.00s_910_99_LDN 1320_Skywatcher quattro 200p__-9.90C_LPRO_0154_2026-07-17_02-41-32_FWHM_6.25_Fok_116189.xisf,LIGHT,1x1,600.00,910,99,LDN 1320,Skywatcher quattro 200p,-9.90,LPRO,0154
2026-07-16_2026-07-17,data\sessions\2026\07\2026-07-16_2026-07-17\raw\nina\20260716-164709-3.2.0.9001.8236-202607.log,1334,2026-07-17T03:02:27.2489,D:\Images NINA\Target\LIGHT_1x1_600.00s_910_99_LDN 1320_Skywatcher quattro 200p__-9.90C_LPRO_0155_2026-07-17_02-52-10_FWHM_6.26_Fok_116189.xisf,LIGHT_1x1_600.00s_910_99_LDN 1320_Skywatcher quattro 200p__-9.90C_LPRO_0155_2026-07-17_02-52-10_FWHM_6.26_Fok_116189.xisf,LIGHT,1x1,600.00,910,99,LDN 1320,Skywatcher quattro 200p,-9.90,LPRO,0155
2026-07-16_2026-07-17,data\sessions\2026\07\2026-07-16_2026-07-17\raw\nina\20260716-164709-3.2.0.9001.8236-202607.log,1359,2026-07-17T03:12:46.7912,D:\Images NINA\Target\LIGHT_1x1_600.00s_910_99_LDN 1320_Skywatcher quattro 200p__-9.90C_LPRO_0156_2026-07-17_03-02-28_FWHM_6.31_Fok_116189.xisf,LIGHT_1x1_600.00s_910_99_LDN 1320_Skywatcher quattro 200p__-9.90C_LPRO_0156_2026-07-17_03-02-28_FWHM_6.31_Fok_116189.xisf,LIGHT,1x1,600.00,910,99,LDN 1320,Skywatcher quattro 200p,-9.90,LPRO,0156
2026-07-16_2026-07-17,data\sessions\2026\07\2026-07-16_2026-07-17\raw\nina\20260716-164709-3.2.0.9001.8236-202607.log,1380,2026-07-17T03:23:03.7941,D:\Images NINA\Target\LIGHT_1x1_600.00s_910_99_LDN 1320_Skywatcher quattro 200p__-9.90C_LPRO_0157_2026-07-17_03-12-48_FWHM_6.10_Fok_116189.xisf,LIGHT_1x1_600.00s_910_99_LDN 1320_Skywatcher quattro 200p__-9.90C_LPRO_0157_2026-07-17_03-12-48_FWHM_6.10_Fok_116189.xisf,LIGHT,1x1,600.00,910,99,LDN 1320,Skywatcher quattro 200p,-9.90,LPRO,0157
2026-07-16_2026-07-17,data\sessions\2026\07\2026-07-16_2026-07-17\raw\nina\20260716-164709-3.2.0.9001.8236-202607.log,1401,2026-07-17T03:33:36.7057,D:\Images NINA\Target\LIGHT_1x1_600.00s_910_99_LDN 1320_Skywatcher quattro 200p__-9.90C_LPRO_0158_2026-07-17_03-23-20_FWHM_5.89_Fok_116189.xisf,LIGHT_1x1_600.00s_910_99_LDN 1320_Skywatcher quattro 200p__-9.90C_LPRO_0158_2026-07-17_03-23-20_FWHM_5.89_Fok_116189.xisf,LIGHT,1x1,600.00,910,99,LDN 1320,Skywatcher quattro 200p,-9.90,LPRO,0158
2026-07-16_2026-07-17,data\sessions\2026\07\2026-07-16_2026-07-17\raw\nina\20260716-164709-3.2.0.9001.8236-202607.log,1426,2026-07-17T03:44:10.6632,D:\Images NINA\Target\LIGHT_1x1_600.00s_910_99_LDN 1320_Skywatcher quattro 200p__-9.90C_LPRO_0159_2026-07-17_03-33-54_FWHM_5.98_Fok_116189.xisf,LIGHT_1x1_600.00s_910_99_LDN 1320_Skywatcher quattro 200p__-9.90C_LPRO_0159_2026-07-17_03-33-54_FWHM_5.98_Fok_116189.xisf,LIGHT,1x1,600.00,910,99,LDN 1320,Skywatcher quattro 200p,-9.90,LPRO,0159
2026-07-16_2026-07-17,data\sessions\2026\07\2026-07-16_2026-07-17\raw\nina\20260716-164709-3.2.0.9001.8236-202607.log,1447,2026-07-17T03:54:53.8491,D:\Images NINA\Target\LIGHT_1x1_600.00s_910_99_LDN 1320_Skywatcher quattro 200p__-9.90C_LPRO_0160_2026-07-17_03-44-37_FWHM_5.79_Fok_116189.xisf,LIGHT_1x1_600.00s_910_99_LDN 1320_Skywatcher quattro 200p__-9.90C_LPRO_0160_2026-07-17_03-44-37_FWHM_5.79_Fok_116189.xisf,LIGHT,1x1,600.00,910,99,LDN 1320,Skywatcher quattro 200p,-9.90,LPRO,0160
2026-07-16_2026-07-17,data\sessions\2026\07\2026-07-16_2026-07-17\raw\nina\20260716-164709-3.2.0.9001.8236-202607.log,1468,2026-07-17T04:05:11.3939,D:\Images NINA\Target\LIGHT_1x1_600.00s_910_99_LDN 1320_Skywatcher quattro 200p__-10.00C_LPRO_0161_2026-07-17_03-54-56_FWHM_6.14_Fok_116189.xisf,LIGHT_1x1_600.00s_910_99_LDN 1320_Skywatcher quattro 200p__-10.00C_LPRO_0161_2026-07-17_03-54-56_FWHM_6.14_Fok_116189.xisf,LIGHT,1x1,600.00,910,99,LDN 1320,Skywatcher quattro 200p,-10.00,LPRO,0161
2026-07-16_2026-07-17,data\sessions\2026\07\2026-07-16_2026-07-17\raw\nina\20260716-164709-3.2.0.9001.8236-202607.log,1493,2026-07-17T04:15:54.3546,D:\Images NINA\Target\LIGHT_1x1_600.00s_910_99_LDN 1320_Skywatcher quattro 200p__-9.90C_LPRO_0162_2026-07-17_04-05-37_FWHM_6.03_Fok_116189.xisf,LIGHT_1x1_600.00s_910_99_LDN 1320_Skywatcher quattro 200p__-9.90C_LPRO_0162_2026-07-17_04-05-37_FWHM_6.03_Fok_116189.xisf,LIGHT,1x1,600.00,910,99,LDN 1320,Skywatcher quattro 200p,-9.90,LPRO,0162
2026-07-16_2026-07-17,data\sessions\2026\07\2026-07-16_2026-07-17\raw\nina\20260716-164709-3.2.0.9001.8236-202607.log,1571,2026-07-17T04:26:24.1096,D:\Images NINA\Target\LIGHT_1x1_600.00s_910_99_LDN 1320_Skywatcher quattro 200p__-10.00C_LPRO_0163_2026-07-17_04-16-06_FWHM_5.77_Fok_116189.xisf,LIGHT_1x1_600.00s_910_99_LDN 1320_Skywatcher quattro 200p__-10.00C_LPRO_0163_2026-07-17_04-16-06_FWHM_5.77_Fok_116189.xisf,LIGHT,1x1,600.00,910,99,LDN 1320,Skywatcher quattro 200p,-10.00,LPRO,0163
